frame_idx,f0_pred,target_f0
0,2.01218,2.13034
1,2.49035,1.92902
2,2.17689,1.72003
3,2.40387,1.97999
4,2.22212,1.78994
5,2.60161,2.63602
6,2.56401,2.60591
7,2.56169,2.60918
8,2.59848,2.61686
9,2.61093,2.63048
10,2.65613,2.63778
11,2.6557,2.63998
12,2.65662,2.64012
13,2.6514,2.64036
14,2.62336,2.63681
15,2.63447,2.63521
16,2.61744,2.6381
17,2.58782,2.64651
18,2.59179,2.65255
19,2.56351,2.65236
20,2.53017,2.64063
21,2.48281,2.61802
22,2.49105,2.63495
23,2.38898,1.84807
24,2.53367,2.60532
25,1.81361,1.71675
26,1.78734,1.69897
27,1.79378,1.72844
28,2.15496,2.13932
29,2.47196,2.44847
30,2.4254,2.421
31,2.37856,2.38854
32,2.36908,2.66683
33,2.33049,2.28749
34,2.32391,2.27226
35,2.28507,2.26572
36,2.28983,2.26091
37,2.25705,2.25472
38,2.25111,2.24926
39,2.24426,2.24579
40,2.24042,2.24497
41,2.23987,2.24711
42,2.24047,2.2511
43,2.24653,2.25448
44,2.24023,2.25977
45,2.24871,2.26897
46,2.25352,2.28576
47,2.25792,2.30999
48,2.27574,2.34709
49,2.29217,2.37069
50,2.3135,2.39576
51,2.32309,2.41496
52,2.35583,2.43286
53,2.3673,2.45741
54,2.37961,2.48305
55,2.40097,2.50948
56,2.41891,2.53295
57,2.41362,2.54713
58,2.42397,2.5516
59,2.42743,2.55723
60,2.41326,2.54231
61,2.33258,1.85402
62,2.28242,1.85665
63,2.2885,2.09414
64,2.3493,2.51417
65,2.36251,2.51615
66,2.37651,2.50925
67,2.27993,2.50248
68,2.16236,2.48183
69,2.19357,2.48754
70,2.16282,2.48592
71,2.12441,2.47268
72,2.12459,2.05103
73,2.1062,1.93509
74,2.0929,1.95029
75,2.06407,2.25944
76,1.98052,1.75079
77,2.02011,2.45236
78,1.98785,1.83188
79,1.99159,2.41545
80,2.02462,2.42387
81,1.97538,1.71548
82,2.01236,1.73625
83,1.95248,1.96894
84,2.36517,2.41916
85,2.35219,1.80357
86,2.25272,2.40583
87,2.24886,2.40375
88,2.38609,2.3934
89,2.34935,1.75609
90,2.28145,2.28416
91,2.28587,2.27947
92,2.26771,2.27575
93,2.24494,2.27511
94,2.23644,2.27312
95,2.22258,2.2663
96,2.21885,2.27641
97,2.22749,2.27872
98,2.23348,2.27883
99,2.23013,2.27698
100,2.23037,2.27007
101,2.23945,2.25912
102,2.24795,2.2463
103,2.28446,2.26257
104,2.26333,2.26427
105,2.27059,2.26361
106,2.27338,2.26193
107,2.27964,2.2614
108,2.28091,2.26343
109,2.27623,2.26491
110,2.27409,2.26126
111,2.27972,2.2576
112,2.28011,2.25593
113,2.27269,2.25704
114,2.26378,2.2636
115,2.25686,2.27048
116,2.24863,2.27243
117,2.24636,2.27174
118,2.24318,2.2703
119,2.24255,2.27405
120,2.24295,2.27851
121,2.2431,2.28404
122,2.24516,2.28865
123,2.24751,2.29328
124,2.26934,2.29966
125,2.2482,2.30645
126,2.25273,2.31137
127,2.25337,2.31708
128,2.25376,2.31895
129,2.25496,2.3279
130,2.26152,2.33407
131,2.26576,2.33394
132,2.26696,2.33281
133,2.26039,2.33021
134,2.26467,2.32265
135,2.27186,2.31476
136,2.26178,2.30619
137,2.26997,2.30689
138,2.25448,2.28489
139,2.24253,2.26725
140,2.22758,2.25332
141,2.22188,2.24127
142,2.2259,2.23773
143,2.22163,2.23856
144,2.22564,2.24041
145,2.24155,2.24216
146,2.26743,2.24215
147,2.27739,2.23925
148,1.97998,2.55028
149,1.80643,1.71083
150,1.82247,1.74699
151,1.85061,1.70973
152,1.84633,1.7073
153,1.85949,1.70001
154,1.86488,1.74569
155,1.87401,1.72439
156,1.86365,1.72862
157,1.87697,1.8705
158,1.84848,1.74033
159,1.86593,1.70001
160,1.86489,1.75789
161,1.85572,1.83839
162,1.96281,1.8411
163,2.19528,2.69079
164,2.5001,2.44213
165,2.3475,2.31772
166,2.26297,2.298
167,2.2625,2.27898
168,2.25625,2.25529
169,2.24714,2.23928
170,2.23876,2.23255
171,2.23048,2.22926
172,2.23258,2.2287
173,2.23233,2.23043
174,2.23737,2.23772
175,2.24209,2.25088
176,2.25028,2.26703
177,2.26242,2.28599
178,2.27282,2.31458
179,2.28752,2.36753
180,2.30606,2.40899
181,2.31251,2.44135
182,2.30232,2.48097
183,2.32007,2.50652
184,2.28017,2.52681
185,2.27266,2.54339
186,2.35485,2.45138
187,1.90459,1.70093
188,1.85759,1.86476
189,1.87991,1.70786
190,1.89454,1.78132
191,1.90311,2.511
192,2.01521,2.20696
193,2.23676,2.2201
194,2.40717,2.41391
195,1.9457,2.25422
196,1.91738,1.90247
197,1.90885,1.74679
198,1.87895,1.88121
199,2.11349,1.78118
200,2.36464,2.25222
201,2.27651,2.2557
202,2.27964,2.24157
203,2.28848,2.22579
204,2.29087,2.21362
205,2.27701,2.20031
206,2.28641,2.19484
207,2.23984,2.22572
208,2.17534,2.23746
209,2.14793,2.24086
210,2.33049,2.51415
211,1.97405,1.75984
212,2.32156,2.47732
213,2.21679,2.22525
214,2.25758,1.73082
215,2.19675,2.30666
216,2.27326,2.26164
217,2.30336,2.23223
218,2.2748,2.23113
219,2.25536,2.23352
220,2.24942,2.23186
221,2.24292,2.23411
222,2.25426,2.23693
223,2.2572,2.23997
224,2.2582,2.24675
225,2.26147,2.25827
226,2.25198,2.27923
227,2.25887,2.31617
228,2.19913,2.25369
229,2.20324,2.24716
230,2.22681,2.24379
231,2.21783,2.24326
232,2.40208,2.55465
233,1.81539,1.70604
234,1.82354,1.71282
235,1.82532,1.87941
236,1.89916,1.91838
237,2.08582,2.15326
238,2.0572,2.05461
239,2.07486,2.23958
240,1.94376,2.24247
241,2.36445,2.61346
242,2.30951,2.25595
243,2.25554,2.54538
244,2.24874,2.21536
245,2.23677,2.20714
246,2.22661,2.20091
247,2.22749,2.19838
248,2.22822,2.19885
249,2.23256,2.19989
250,2.22629,2.19738
251,2.22683,2.19338
252,2.22644,2.19566
253,2.23342,2.2141
254,2.23182,2.21594
255,2.22603,2.21017
256,2.21906,2.1978
257,2.21154,2.19346
258,2.20635,2.18388
259,2.20036,2.18187
260,2.20647,2.18736
261,2.2068,2.19137
262,2.2117,2.19331
263,2.21297,2.19699
264,2.22411,2.19935
265,2.22686,2.2038
266,2.22909,2.20671
267,2.23838,2.20833
268,2.24602,2.21148
269,2.25005,2.21593
270,2.25511,2.23688
271,2.26318,2.26455
272,2.27878,2.28908
273,2.2831,2.31552
274,2.30405,2.34939
275,2.32173,2.37687
276,2.33103,2.41452
277,2.34956,2.4626
278,2.36919,2.48376
279,2.3632,2.50022
280,2.41641,2.51351
281,2.37173,2.53135
282,2.18656,2.50202
283,2.22234,2.49331
284,2.25162,2.49901
285,2.20574,2.50017
286,2.22071,2.50726
287,2.24865,2.50444
288,2.26681,2.50193
289,2.35583,2.4992
290,2.28035,2.03443
291,2.33672,1.84671
292,1.8347,1.74433
293,1.98277,2.1163
294,1.83193,1.70058
295,1.81172,1.73403
296,1.9438,1.86331
297,2.41734,2.40767
298,2.37635,2.37249
299,2.35009,2.3444
300,2.34575,2.32444
301,2.32943,2.31482
302,2.30802,2.30825
303,2.30229,2.30414
304,2.29201,2.30028
305,2.27141,2.29622
306,2.2441,2.29298
307,2.22871,2.2811
308,2.19864,2.27571
309,1.8788,2.4245
310,1.8341,1.74222
311,1.84245,1.70106
312,1.89165,1.93007
313,1.96719,1.74801
314,2.33599,2.40505
315,2.38096,2.38864
316,2.40594,2.39844
317,2.40372,2.40539
318,2.39173,2.42248
319,2.37494,2.43419
320,2.37247,2.44333
321,2.34329,2.44464
322,2.3429,2.44276
323,2.21529,2.57966
324,1.83423,1.72
325,2.05211,2.38405
326,2.13326,2.4742
327,2.39535,1.96967
328,2.09194,2.4462
329,2.04453,2.42224
330,1.94669,1.70106
331,2.46934,2.61961
332,2.10159,2.10294
333,1.98926,2.10463
334,2.02659,1.81811
335,2.03518,2.13463
336,2.45094,2.46786
337,2.36004,2.43469
338,2.33251,2.42778
339,2.32772,2.40081
340,2.32696,2.37582
341,2.30484,2.3559
342,2.29934,2.34678
343,2.29689,2.33221
344,2.29838,2.31636
345,2.31986,2.31025
346,2.16145,2.44597
347,1.85857,1.78321
348,1.84736,1.71405
349,1.87518,1.7466
350,1.89273,1.71313
351,1.87247,1.76381
352,1.86676,1.7254
353,1.8533,1.72857
354,1.85701,1.69897
355,1.88351,1.75444
356,1.93117,1.77741
357,2.2661,2.2862
358,2.43807,2.42343
359,2.29745,2.34211
360,2.2679,2.30472
361,2.2579,2.27201
362,2.25197,2.24472
363,2.23852,2.23016
364,2.22957,2.21937
365,2.22671,2.21456
366,2.22511,2.20762
367,2.21441,2.20209
368,2.21222,2.19827
369,2.20923,2.19407
370,2.21096,2.1923
371,2.21134,2.18974
372,2.21651,2.19146
373,2.21328,2.19315
374,2.22118,2.19604
375,2.22325,2.19724
376,2.22508,2.20254
377,2.22659,2.2051
378,2.23231,2.20993
379,2.23075,2.21267
380,2.23811,2.21551
381,2.22952,2.2269
382,2.23576,2.2397
383,2.24421,2.25382
384,2.24959,2.26171
385,2.25332,2.2795
386,2.26054,2.31276
387,2.26234,2.33624
388,2.25697,2.35596
389,2.2582,2.37278
390,2.27331,2.38322
391,2.26277,2.3853
392,2.24333,2.37779
393,2.29123,2.36595
394,1.83869,1.75859
395,1.89263,1.82482
396,1.96766,1.93698
397,2.13112,1.90244
398,2.36868,2.13159
399,2.07076,2.09787
400,2.04048,1.77191
401,1.9883,2.37864
402,2.01295,1.76241
403,2.00096,2.3856
404,1.96224,2.38661
405,2.11709,2.39667
406,2.17585,2.3924
407,2.1109,1.94839
408,2.07924,2.40413
409,2.08696,2.40778
410,1.98275,1.75905
411,1.94289,1.74945
412,1.93877,1.71513
413,1.94919,2.47397
414,1.89933,1.92525
415,1.96383,2.09818
416,1.95617,1.81006
417,1.93789,1.72598
418,1.95953,1.70549
419,1.96246,1.7088
420,1.95373,1.84722
421,1.93526,2.4436
422,1.96668,2.442
423,1.95702,1.74912
424,1.95365,1.95549
425,1.93493,2.40234
426,1.92769,2.10223
427,1.92744,2.10981
428,1.91657,1.7246
429,1.946,2.44523
430,1.9323,2.40834
431,1.94614,1.96704
432,1.91459,2.14468
433,1.9289,2.10654
434,1.90916,2.1033
435,1.96313,2.13404
436,1.94033,2.13954
437,1.99112,1.73241
438,1.98324,1.72287
439,1.98755,2.40864
440,2.0026,2.41803
441,2.0062,2.11414
442,1.99631,2.39124
443,2.00748,2.3989
444,1.97307,2.42299
445,2.70082,2.64659
446,1.80248,1.69977
447,1.84628,1.84908
448,2.43696,2.3644
449,2.41314,2.38275
450,2.39624,2.39765
451,2.41522,2.40812
452,2.40222,2.41943
453,2.41164,2.42991
454,2.40071,2.43693
455,2.41024,2.43832
456,2.43388,2.43178
457,2.38776,2.42923
458,2.26944,2.43389
459,2.16316,2.42444
460,2.09911,2.42115
461,2.19427,2.42389
462,2.23962,2.42739
463,2.13481,2.42748
464,2.01743,2.43328
465,2.28947,1.94541
466,2.48279,2.40737
467,2.42044,2.36531
468,2.38316,2.33993
469,2.36578,2.31458
470,2.33012,2.29974
471,2.32114,2.29456
472,2.30483,2.29054
473,2.30331,2.28706
474,2.30553,2.28731
475,2.31405,2.28961
476,2.32487,2.294
477,2.3224,2.30001
478,2.32951,2.30699
479,2.32306,2.31643
480,2.31413,2.3336
481,2.32733,2.35392
482,2.32988,2.36382
483,2.32817,2.35636
484,2.03745,2.33074
485,1.83045,1.74906
486,1.83411,1.70206
487,1.87587,1.8796
488,1.8811,1.6998
489,1.91816,1.72216
490,1.90351,1.74789
491,1.96015,2.67107
492,1.9992,2.67109
493,2.26156,2.08066
494,2.47012,2.06481
495,2.4809,2.66842
496,2.52116,2.69996
497,2.22921,1.84819
498,1.94749,1.91866
499,1.92843,2.09806
500,1.96107,2.09756
501,1.97704,2.11546
502,2.0136,1.7392
503,2.03876,1.72313
504,1.98937,2.06215
505,1.9722,1.707
506,1.97668,1.74484
507,2.09351,2.69996
508,2.0427,2.65274
509,1.88466,1.69897
510,1.78317,1.74726
511,1.84347,1.70517
512,1.93773,1.81683
513,2.48164,2.49074
514,2.41134,2.42448
515,2.37645,2.40002
516,2.35779,2.39374
517,2.35897,2.39253
518,2.32403,2.39183
519,2.33907,2.39263
520,2.34206,2.39358
521,2.33604,2.38697
522,2.33909,2.38033
523,2.34782,2.37541
524,2.35019,2.36624
525,2.34361,2.36263
526,2.33829,2.36111
527,2.33501,2.35961
528,2.33201,2.35792
529,2.32247,2.35719
530,2.32553,2.35723
531,2.33071,2.35836
532,2.39462,2.36428
533,2.36521,2.38696
534,2.35096,2.39164
535,2.33628,2.39968
536,2.33855,2.41268
537,2.35218,2.42688
538,2.3595,2.43754
539,2.37449,2.45082
540,2.35778,2.46361
541,2.3558,2.47545
542,2.37315,2.4862
543,2.37986,2.49648
544,2.38763,2.50704
545,2.42725,2.51622
546,2.43502,2.52102
547,2.45257,2.52778
548,2.47155,2.53861
549,2.47602,2.54829
550,2.49021,2.55339
551,2.50577,2.55706
552,2.47314,2.57
553,2.14388,1.71947
554,1.81616,1.72017
555,1.86773,1.72841
556,1.91033,1.70693
557,1.99484,1.74477
558,1.96106,1.70171
559,2.00299,1.73368
560,2.00151,1.72109
561,2.054,1.93335
562,2.40764,2.01268
563,1.98951,1.91386
564,2.38446,2.6465
565,2.12825,2.6458
566,1.97153,1.797
567,2.46355,2.54005
568,2.37788,2.44554
569,2.35277,2.43192
570,2.38361,2.42765
571,2.36059,2.42276
572,2.33665,2.41154
573,2.30645,2.36658
574,1.92981,1.84522
575,1.83419,1.74859
576,1.81271,1.73071
577,1.8104,1.75686
578,1.82504,1.73077
579,1.8334,1.73577
580,1.798,1.72187
581,1.99782,1.99538
582,2.43119,2.66484
583,1.90844,1.70484
584,2.4449,2.47936
585,2.40048,2.44462
586,2.37288,2.42965
587,2.35608,2.40902
588,2.37298,2.40222
589,2.38519,2.41355
590,2.36721,2.41075
591,2.3647,2.40911
592,2.36538,2.41281
593,2.37785,2.41932
594,2.39057,2.42843
595,2.39992,2.43976
596,2.41809,2.4515
597,2.42917,2.46095
598,2.43968,2.47113
599,2.4532,2.48182
600,2.45472,2.48874
601,2.43036,2.48936
602,2.38888,2.48795
603,2.25341,2.47681
604,2.14063,1.86623
605,2.14863,2.47347
606,2.15716,2.47559
607,2.13499,2.46708
608,2.17029,2.06169
609,2.19136,1.93183
610,2.15666,2.48365
611,1.98369,2.48538
612,1.82696,1.72016
613,1.79631,1.79687
614,1.76816,1.71541
615,1.77196,1.70573
616,1.76135,1.71461
617,1.89199,1.80744
618,2.48106,2.51052
619,2.42415,2.46672
620,2.40046,2.45245
621,2.38384,2.42921
622,2.39141,2.41128
623,2.40355,2.40109
624,2.388,2.39468
625,2.36828,2.38857
626,2.35765,2.37518
627,2.3566,2.3725
628,2.358,2.37208
629,2.35524,2.37155
630,2.33644,2.39302
631,2.35718,1.81816
632,2.37499,2.69996
633,2.51904,2.69996
634,2.23487,2.53875
635,2.19832,2.5345
636,2.25184,2.53195
637,2.21641,2.5299
638,2.18115,2.52658
639,2.32076,2.3325
640,2.15638,2.04085
641,2.42844,2.50602
642,2.17008,2.512
643,2.2216,1.71501
644,2.35069,2.37396
645,2.35339,2.38424
646,2.36371,2.4049
647,2.38264,2.42392
648,2.39846,2.44047
649,2.40451,2.46025
650,2.409,2.47691
651,2.40448,2.49032
652,2.41264,2.50307
653,2.41309,2.51458
654,2.41214,2.52087
655,2.41898,2.52357
656,2.40102,2.52535
657,2.39849,2.52473
658,2.4071,2.52279
659,2.38751,2.51804
660,2.39184,2.51113
661,2.38649,2.50447
662,2.38982,2.49427
663,2.37238,2.47859
664,2.36476,2.47146
665,2.3363,2.10508
666,2.31617,2.33196
667,2.26239,2.32713
668,2.23793,2.33243
669,2.34124,2.28234
670,2.33219,2.2683
671,2.28898,2.2562
672,2.28931,2.24281
673,2.28144,2.22751
674,2.28313,2.22096
675,2.2772,2.21942
676,2.271,2.22211
677,2.26838,2.22437
678,2.26864,2.23217
679,2.26611,2.24205
680,2.25448,2.24762
681,2.24451,2.2442
682,2.22937,2.23201
683,2.2281,2.22772
684,2.22311,2.22553
685,2.22084,2.22416
686,2.21792,2.2234
687,2.2145,2.22371
688,2.21936,2.22386
689,2.21192,2.22314
690,2.21175,2.22207
691,2.21041,2.2223
692,2.20593,2.22282
693,2.20848,2.22418
694,2.20253,2.23436
695,2.16141,2.25058
696,2.16878,2.25842
697,2.22611,2.22719
698,2.10881,2.22605
699,2.07693,2.22634
700,2.07079,2.22616
701,2.16963,2.22568
702,2.52959,2.50443
703,1.92825,1.70053
704,1.85519,1.7059
705,1.86345,1.80427
706,1.86608,2.22607
707,1.86282,1.7787
708,1.94262,2.61908
709,1.98554,1.82773
710,1.96045,1.91348
711,2.42586,2.68153
712,2.29746,2.26565
713,2.2421,2.24446
714,2.2277,2.23029
715,2.20385,2.21126
716,2.1785,2.20691
717,2.20321,2.20714
718,2.15899,2.20617
719,2.2107,2.20405
720,2.1719,2.19774
721,2.16454,2.19806
722,2.15419,2.2342
723,2.14714,2.37631
724,2.14526,1.81059
725,2.17444,2.69996
726,2.03464,2.54795
727,2.17503,2.54542
728,2.03825,1.78402
729,2.3349,1.72442
730,1.99097,1.70003
731,2.07479,1.71037
732,2.06673,1.84158
733,2.05929,1.83231
734,2.10757,1.94826
735,2.18162,2.45351
736,2.44816,2.46201
737,2.41318,2.44888
738,2.40485,2.4414
739,2.4236,2.43814
740,2.4242,2.43965
741,2.41759,2.4429
742,2.41932,2.44681
743,2.41588,2.45021
744,2.41371,2.45266
745,2.41041,2.453
746,2.41476,2.45244
747,2.4257,2.45126
748,2.44262,2.44988
749,2.4405,2.44819
750,2.44532,2.44659
751,2.43685,2.44512
752,2.42746,2.44343
753,2.44278,2.44085
754,2.43826,2.43195
755,2.40279,2.44115
756,2.35381,2.44279
757,2.36114,2.44544
758,2.24001,2.44913
759,1.96105,1.71801
760,1.99676,1.69897
761,1.80886,1.70298
762,2.23418,2.35645
763,2.30822,2.43412
764,2.07877,2.44685
765,2.03466,2.44635
766,2.07204,2.44771
767,2.19314,2.44913
768,2.49626,2.68924
769,1.99551,1.70889
770,1.82167,1.83696
771,1.82492,1.71189
772,1.84817,1.73073
773,1.88913,1.82751
774,1.95359,1.70613
775,1.93597,1.86963
776,2.20797,2.07423
777,2.06344,1.71298
778,1.89056,1.703
779,1.94807,2.02522
780,1.9964,1.87682
781,1.90381,1.87823
782,2.30309,2.34527
783,2.33604,2.28333
784,2.32959,2.27434
785,2.32243,2.27903
786,2.33879,2.28736
787,2.33907,2.29864
788,2.34209,2.31864
789,2.34933,2.33764
790,2.35391,2.35114
791,2.35115,2.36942
792,2.34283,2.39154
793,2.35219,2.41779
794,2.36765,2.4462
795,2.37354,2.45832
796,2.37614,2.46823
797,2.36036,2.18489
798,2.21236,1.84891
799,2.18931,2.4573
800,2.32361,1.95214
801,2.38177,2.43998
802,2.32798,1.83024
803,2.03512,1.74696
804,2.40217,2.57681
805,2.46876,2.51278
806,2.45279,2.48922
807,2.44052,2.47431
808,2.43164,2.4605
809,2.43159,2.44313
810,2.40395,2.41891
811,2.40413,2.39944
812,2.3916,2.37403
813,2.30541,2.36088
814,2.18617,1.85127
815,1.98961,1.73245
816,2.23855,2.35224
817,2.18144,2.35278
818,2.33921,2.36984
819,2.3209,2.35585
820,2.29077,2.34126
821,2.29959,2.3288
822,2.29293,2.32209
823,2.284,2.31908
824,2.27837,2.31809
825,2.27291,2.31418
826,2.26186,2.30889
827,2.25906,2.30175
828,2.22378,2.2985
829,2.23768,2.31409
830,2.2321,2.30098
831,2.1934,2.31401
832,2.21709,2.31892
833,1.94216,1.72066
834,1.90702,2.02134
835,2.2346,1.78679
836,2.41612,2.38977
837,2.34862,2.36246
838,2.30235,2.35068
839,2.29489,2.33836
840,2.29833,2.32563
841,2.27984,2.30958
842,2.26854,2.27925
843,2.25223,2.24394
844,2.20484,2.24875
845,2.23761,2.61934
846,2.0396,1.69897
847,2.41074,2.61282
848,2.42688,2.61214
849,2.50379,2.61463
850,2.43171,2.64414
851,2.51491,2.67458
852,2.53233,2.67479
853,2.51817,2.66273
854,2.23663,2.34161
855,2.14847,2.34365
856,2.38713,2.61321
857,2.23939,1.82457
858,2.20486,2.35257
859,2.377,2.65692
860,2.33103,2.2818
861,2.32828,2.29167
862,2.31822,2.30926
863,2.31405,2.31259
864,2.3226,2.31308
865,2.29664,2.33039
866,2.31253,2.34547
867,2.32494,2.35356
868,2.34145,2.36188
869,2.3173,2.36426
870,2.39148,2.37365
871,2.41516,2.3831
872,2.39712,2.38961
873,2.42012,2.39229
874,2.40295,2.39033
875,2.41453,2.38879
876,2.40573,2.38594
877,2.42222,2.38141
878,2.42609,2.3727
879,2.42527,2.35749
880,2.40117,2.34151
881,2.37583,2.32564
882,2.37741,2.30202
883,2.33703,2.29475
884,2.3149,2.28794
885,2.27014,2.28068
886,2.27333,2.27883
887,2.25634,2.29253
888,2.31422,2.32018
889,2.23385,2.3279
890,2.21354,2.28532
891,2.18785,2.30691
892,2.17837,2.31323
893,2.14667,2.31898
894,2.206,2.2875
895,2.19997,1.69897
896,2.47044,2.42434
897,1.87084,1.69994
898,1.81697,1.70284
899,1.83913,1.74802
900,1.84392,2.19397
901,1.84951,2.37032
902,1.90662,2.26468
903,1.89525,2.66233
904,1.98891,2.66272
905,2.38239,2.20041
906,2.412,2.3817
907,2.28953,2.34254
908,2.26752,2.32347
909,2.26021,2.28638
910,2.23343,2.25918
911,2.20991,2.23621
912,2.1924,2.22102
913,2.16899,2.21305
914,2.17943,2.2125
915,2.1719,2.21925
916,2.10742,1.69897
917,2.47296,2.23725
918,2.32012,2.63732
919,2.23595,2.17513
920,2.19802,2.15997
921,2.16228,2.14771
922,2.14239,2.1411
923,2.13552,2.13712
924,2.13392,2.12984
925,2.14521,2.11895
926,2.1258,2.10623
927,2.07545,2.17397
928,1.88943,1.69949
929,1.81135,1.70519
930,1.82799,1.78593
931,1.86872,1.70293
932,1.92819,1.71049
933,1.94149,2.46876
934,1.91742,1.81894
935,1.87915,1.74546
936,1.97661,2.46172
937,2.05066,2.63793
938,2.41538,2.39059
939,2.26005,2.27771
940,2.13844,2.26489
941,2.19464,2.26913
942,2.23522,2.28238
943,2.24757,2.29771
944,2.26762,2.30979
945,2.28857,2.32069
946,2.30284,2.35539
947,2.31498,2.38105
948,2.34693,2.40446
949,2.37517,2.42847
950,2.38826,2.44507
951,2.39092,2.4629
952,2.397,2.4789
953,2.40081,2.49262
954,2.39236,2.50302
955,2.38086,2.50645
956,2.33843,2.48865
957,2.3526,2.4705
958,2.32943,2.47066
959,2.27329,2.46108
960,2.26848,2.45493
961,2.24781,2.44395
962,2.25932,2.46665
963,2.18697,2.50468
964,1.98239,2.18693
965,1.96249,2.01153
966,1.88208,1.85066
967,1.95291,2.17825
0,2.29236,2.58291
1,2.5082,2.68866
2,2.44153,2.42909
3,2.39299,2.45286
4,2.40656,2.45181
5,2.40674,2.45935
6,2.4133,2.47518
7,2.41517,2.48376
8,2.42818,2.48928
9,2.4196,2.50063
10,2.41811,2.50116
11,2.39298,2.49841
12,2.39186,2.48987
13,2.38315,2.47327
14,2.37827,2.45207
15,2.36451,2.44261
16,2.35996,2.44586
17,2.3771,2.47425
18,2.41394,2.50334
19,2.40903,2.51777
20,2.40366,2.51481
21,2.40899,2.50825
22,2.4074,2.5012
23,2.41534,2.49768
24,2.40369,2.49305
25,2.40155,2.48789
26,2.38156,2.48504
27,2.37087,2.4839
28,2.36806,2.48497
29,2.37302,2.48595
30,2.37865,2.48817
31,2.39271,2.48744
32,2.40422,2.48884
33,2.42508,2.49408
34,2.44206,2.4991
35,2.44958,2.50139
36,2.45764,2.50148
37,2.46886,2.49799
38,2.46959,2.49009
39,2.46193,2.48063
40,2.46045,2.46859
41,2.43394,2.48182
42,2.43488,2.49195
43,2.41445,2.49106
44,2.42167,2.49131
45,1.92541,1.79918
46,2.07154,2.03221
47,2.27014,1.83868
48,2.46518,2.56372
49,2.4769,2.53319
50,2.47615,2.52535
51,2.5265,2.50402
52,2.46238,2.50127
53,2.46596,2.49742
54,2.45731,2.4904
55,2.4472,2.48302
56,2.42906,2.47763
57,2.36239,2.4384
58,2.33833,2.50317
59,2.36533,2.49462
60,2.36047,2.49247
61,2.4816,2.66624
62,2.1474,1.76893
63,2.31264,2.07295
64,2.27695,2.51997
65,2.21092,2.52214
66,1.98409,1.90049
67,1.91155,1.93682
68,2.41469,2.42774
69,2.37946,2.40507
70,2.26964,2.37949
71,2.2519,1.72901
72,2.27163,2.30251
73,2.28108,2.28212
74,2.28696,2.27263
75,2.29235,2.2698
76,2.27355,2.27036
77,2.27174,2.27225
78,2.28301,2.27389
79,2.26886,2.27394
80,2.26945,2.27459
81,2.25742,2.27653
82,2.26307,2.27967
83,2.26634,2.28244
84,2.26848,2.28509
85,2.27688,2.2852
86,2.28017,2.28629
87,2.29057,2.29142
88,2.28638,2.30151
89,2.2731,2.31148
90,2.26788,2.30881
91,2.21771,2.29034
92,2.18947,2.29095
93,2.23485,2.29093
94,2.27657,2.28909
95,2.1815,1.70487
96,1.83766,1.89353
97,2.12052,1.93696
98,2.3559,2.36397
99,2.31561,2.34244
100,2.27469,2.32256
101,2.28044,2.29875
102,2.27012,2.28871
103,2.25561,2.28199
104,2.25459,2.27367
105,2.2337,2.25531
106,2.20268,2.24195
107,2.1871,2.24494
108,2.19902,2.2777
109,2.15291,2.29377
110,1.88151,2.29118
111,1.92219,1.77744
112,2.32835,2.33223
113,2.32462,2.31451
114,2.28236,2.2947
115,2.26535,2.2764
116,2.25668,2.26956
117,2.25544,2.27233
118,2.24248,2.27538
119,2.24891,2.28546
120,2.24243,2.28388
121,2.22712,2.27987
122,2.2204,2.27862
123,2.21281,2.2787
124,2.20243,2.27764
125,2.20295,2.27721
126,2.19476,2.27404
127,2.19516,2.27057
128,2.18224,2.26366
129,2.20652,2.25825
130,2.21992,2.25822
131,2.22927,2.25152
132,2.23022,2.24688
133,2.22848,2.24041
134,2.22649,2.23261
135,2.22555,2.22715
136,2.22423,2.21988
137,2.21864,2.20881
138,2.22204,2.20973
139,2.21438,2.20989
140,2.20953,2.18503
141,2.21159,2.17885
142,2.22082,2.17787
143,2.21678,2.17839
144,2.22155,2.18263
145,2.21839,2.18965
146,2.22108,2.19422
147,2.22313,2.20065
148,2.22338,2.20972
149,2.223,2.22443
150,2.21685,2.23858
151,2.22015,2.2503
152,2.22066,2.2588
153,2.2235,2.26252
154,2.21739,2.26466
155,2.21701,2.2657
156,2.21247,2.26408
157,2.23392,2.26085
158,2.26529,2.24358
159,2.21127,2.24082
160,2.23479,2.22427
161,2.20553,2.2128
162,2.17723,2.20374
163,2.15822,2.18115
164,2.15612,2.16119
165,2.14224,2.13716
166,2.13586,2.11309
167,2.11679,2.09937
168,2.07968,2.09081
169,2.10078,2.08239
170,2.07112,2.0701
171,2.02933,1.86692
172,2.10321,2.08096
173,2.07573,1.88446
174,2.05695,2.03989
175,2.082,2.04863
176,2.08979,1.8846
177,2.13213,1.87648
178,2.17426,1.73971
179,2.19833,1.87093
180,2.19347,1.7088
181,2.21079,1.80663
182,2.26071,1.74479
183,2.17137,2.16625
184,2.09612,2.13713
185,2.06039,2.23519
186,2.00956,2.23626
187,2.00884,1.70511
188,2.01054,1.74408
189,1.9363,1.89066
190,2.1455,2.38144
0,1.89172,2.69996
1,1.80751,1.71209
2,1.79681,1.88103
3,2.04618,1.71073
4,2.51406,2.5692
5,2.4665,2.51378
6,2.48749,2.50665
7,2.45646,2.50867
8,2.46043,2.51295
9,2.47414,2.51443
10,2.46202,2.51377
11,2.46211,2.51145
12,2.44955,2.50759
13,2.42885,2.50392
14,2.41019,2.49733
15,2.44307,2.48482
16,2.38402,2.48145
17,2.37645,2.19745
18,2.3393,1.78708
19,2.3396,2.48889
20,2.31409,2.11964
21,2.32854,2.51203
22,2.33867,2.49981
23,2.33885,2.48921
24,2.33807,2.48373
25,2.37248,2.48823
26,2.38103,2.48989
27,2.38145,2.4869
28,2.40634,2.4853
29,2.41304,2.48501
30,2.42786,2.48494
31,2.41714,2.48321
32,2.41399,2.4776
33,2.41399,2.46691
34,2.36576,2.45492
35,2.34813,2.43082
36,2.36285,2.45308
37,2.42422,2.48655
38,2.41616,2.49917
39,2.41308,2.50656
40,2.41746,2.51537
41,2.41982,2.52516
42,2.43253,2.53932
43,2.42247,2.55264
44,2.44099,2.56437
45,2.4638,2.57648
46,2.46631,2.58645
47,2.47442,2.59566
48,2.4994,2.60418
49,2.53005,2.31054
50,2.52132,2.61353
51,2.50391,2.61534
52,2.50625,2.60951
53,2.50242,2.58694
54,2.43468,2.53755
55,2.36404,2.52498
56,2.28752,2.31397
57,2.47354,2.61659
58,2.56846,2.57411
59,2.53382,2.54203
60,2.48037,2.48908
61,2.45793,2.45247
62,2.45003,2.43502
63,2.44164,2.42148
64,2.3724,1.83964
65,2.28555,1.95444
66,2.26736,2.52068
67,2.29802,2.48022
68,2.33455,2.51019
69,2.37203,2.23021
70,2.06982,1.72624
71,1.7862,1.75783
72,1.8024,1.7361
73,1.7906,1.71408
74,1.81013,1.75028
75,1.90836,1.93469
76,2.16371,1.85785
77,2.48374,2.52159
78,2.43376,2.47291
79,2.42731,2.48295
80,2.412,2.4826
81,2.36411,2.46299
82,2.36475,2.42673
83,2.37079,2.41397
84,2.36818,2.41058
85,2.37535,2.40907
86,2.37466,2.40881
87,2.38232,2.40966
88,2.38746,2.41035
89,2.38428,2.41055
90,2.38559,2.40902
91,2.40303,2.40432
92,2.37915,2.40064
93,2.38612,2.39276
94,2.33764,2.3843
95,2.33281,2.37861
96,2.32956,2.36772
97,2.3258,2.36202
98,2.32504,2.35482
99,2.33787,2.33859
100,2.30267,2.33605
101,2.28388,2.33097
102,2.28489,2.32266
103,2.28082,2.31503
104,2.26541,2.3023
105,2.2621,2.28589
106,2.25222,2.26423
107,2.23673,2.24224
108,2.22872,2.22555
109,2.22941,2.20812
110,2.21808,2.19426
111,2.22063,2.18859
112,2.21375,2.17928
113,2.212,2.17674
114,2.19608,2.17503
115,2.20139,2.17296
116,2.19692,2.17317
117,2.19838,2.17068
118,2.1062,2.19145
119,1.97031,1.70141
120,1.90212,1.71598
121,1.96463,2.61808
122,1.96373,1.72424
123,1.9603,2.29431
124,1.97406,1.734
125,1.98006,1.71711
126,2.04223,2.61163
127,2.11676,2.61192
128,2.42543,2.69066
129,2.19237,2.58119
130,2.28041,2.68985
131,2.07334,1.73706
132,2.5633,2.65129
133,1.80035,1.70768
134,1.97427,1.87062
135,2.17234,2.51728
136,2.26868,2.00464
137,2.45124,2.47823
138,2.41943,2.4617
139,2.42381,2.45621
140,2.44421,2.45355
141,2.42605,2.44383
142,2.42102,2.44789
143,2.31649,2.45287
144,2.28322,2.45212
145,2.35904,2.45261
146,2.42489,2.43756
147,1.93354,1.74115
148,2.46127,2.55422
149,2.49976,1.89255
150,2.48224,2.62948
151,2.53886,2.63278
152,2.44976,2.64111
153,2.48057,2.68767
154,2.46094,2.65221
155,2.39302,1.99806
156,2.38477,2.39246
157,2.32442,2.35862
158,2.28884,2.35104
159,2.28309,2.33783
160,2.26882,2.34317
161,2.28002,2.33975
162,2.29457,2.33617
163,2.27755,2.32671
164,2.26035,2.31169
165,2.25702,2.29031
166,2.22917,2.30111
167,2.1982,2.33224
168,2.22028,2.29635
169,2.43097,2.69082
170,1.99242,1.82157
171,2.275,2.69996
172,1.87192,1.70017
173,1.92637,1.73447
174,2.47177,2.44328
175,2.37843,2.36682
176,2.35714,2.34862
177,2.35703,2.34089
178,2.34789,2.33515
179,2.34135,2.32796
180,2.33347,2.32282
181,2.34256,2.31307
182,2.28026,2.30246
183,2.26513,2.29576
184,2.25027,2.28119
185,2.08566,1.71609
186,1.88181,1.80392
187,1.82511,1.70479
188,1.82029,1.70181
189,1.85487,1.86626
190,1.82614,1.87873
191,1.82091,1.70652
192,1.90228,1.98176
193,2.35145,2.3291
194,2.29252,2.28982
195,2.21086,2.2669
196,2.19502,2.23894
197,2.22015,2.22185
198,2.20936,2.21979
199,2.2076,2.22497
200,2.20846,2.23965
201,2.2476,2.26168
202,2.26064,2.2782
203,2.27302,2.29423
204,2.29233,2.30972
205,2.32107,2.33434
206,2.33411,2.35597
207,2.34689,2.38338
208,2.37335,2.40898
209,2.38705,2.42821
210,2.39207,2.45136
211,2.41858,2.46969
212,2.42783,2.48798
213,2.43593,2.50169
214,2.29758,2.53017
215,1.96451,2.57302
216,1.87348,1.70911
217,1.90381,2.69028
218,1.91733,1.72537
219,2.03697,2.51047
220,2.23644,1.70196
221,2.15258,1.70181
222,2.22966,1.93308
223,2.37182,2.63559
224,2.47705,2.5107
225,2.44918,1.9503
226,2.38632,2.4258
227,2.09626,1.89653
228,1.98174,1.8144
229,1.94265,2.48616
230,1.91415,1.71123
231,2.06507,1.82905
232,2.05311,2.69996
233,1.83192,1.74575
234,1.85548,2.10523
235,1.85526,1.80684
236,1.86097,1.73701
237,1.83934,1.73167
238,1.82066,1.70115
239,1.82458,1.87957
240,1.81433,1.81581
241,1.79059,1.70908
242,1.82691,1.91689
243,2.00826,1.9089
244,2.41935,2.43914
245,2.34984,2.34435
246,2.32523,2.32782
247,2.31867,2.31482
248,2.30214,2.30395
249,2.29896,2.29603
250,2.28415,2.29633
251,2.2607,2.29919
252,2.2616,2.29587
253,2.23948,2.28639
254,2.22454,2.27995
255,2.21665,2.27687
256,2.21019,2.27242
257,2.19361,2.26473
258,2.18273,2.26138
259,2.18775,2.26009
260,2.20402,2.25905
261,2.21541,2.26492
262,2.23075,2.27325
263,2.23788,2.28128
264,2.24752,2.28967
265,2.26035,2.30222
266,2.27122,2.32244
267,2.27745,2.35046
268,2.27599,2.37489
269,2.28187,2.39245
270,2.28926,2.40576
271,2.28436,2.41559
272,2.28737,2.42287
273,2.28117,2.42796
274,2.28238,2.43162
275,2.31909,2.40703
276,2.20988,2.36154
277,2.20618,2.34402
278,2.21796,2.32879
279,2.21066,2.00198
280,2.2125,2.26381
281,2.21181,2.25242
282,2.22679,2.2435
283,2.21848,2.23236
284,2.20544,2.20984
285,2.19672,2.20496
286,2.17886,2.23361
287,2.16873,2.26224
288,2.15939,1.96527
289,2.06952,2.60816
290,2.40769,2.22859
291,2.29057,2.19823
292,2.25908,2.1864
293,2.25667,2.18392
294,2.24754,2.18414
295,2.236,2.18325
296,2.23111,2.18005
297,2.22205,2.1727
298,2.21412,2.16714
299,2.20173,2.16323
300,2.20615,2.16442
301,2.20427,2.16436
302,2.20622,2.16465
303,2.20512,2.16355
304,2.21118,2.16703
305,2.21199,2.18427
306,2.2155,2.19758
307,2.21155,2.22194
308,2.21489,2.2444
309,2.24402,2.27173
310,2.23611,2.29728
311,2.2664,2.32123
312,2.3006,2.35695
313,2.31452,2.39042
314,2.32661,2.41087
315,2.32519,2.43574
316,2.29248,2.45142
317,2.33419,2.46351
318,2.20063,1.98974
319,2.13533,2.46427
320,2.09792,2.21515
321,2.10342,2.28592
322,2.08917,1.71101
323,2.08534,2.5569
324,2.14598,2.04392
325,2.11999,2.54039
326,2.31945,2.54337
327,1.85199,1.79489
328,2.34167,1.71204
329,1.99646,1.70486
330,1.76653,1.69897
331,1.81534,1.74245
332,1.84177,1.71188
333,1.84185,1.78
334,1.8591,1.86925
335,1.87385,1.82099
336,1.8883,1.70693
337,1.90383,1.93699
338,1.91533,1.76725
339,1.93371,1.71507
340,1.95796,2.06228
341,2.07434,2.46887
342,2.14513,2.11059
343,2.22091,2.42943
344,1.97921,1.87653
345,1.98734,1.97241
346,1.93323,1.70999
347,1.91078,1.73065
348,1.89558,1.82355
349,1.88042,1.8677
350,1.91675,1.87239
351,2.11774,1.86794
352,1.86833,1.72285
353,1.86102,1.72845
354,1.85622,1.72742
355,1.86516,1.72964
356,1.87622,1.71625
357,1.9147,1.70966
358,1.92194,2.68725
359,1.90942,2.68784
360,1.85036,2.68712
361,1.82672,2.6872
362,1.82883,1.7772
363,1.81726,1.87868
364,1.8611,1.70283
365,1.90389,1.85739
366,1.8562,1.8107
367,1.84259,1.90874
368,1.89362,1.81822
369,1.88167,1.79763
370,1.9395,2.02338
371,1.97586,1.82558
372,1.94915,2.3881
373,1.94891,1.93278
374,1.91099,1.70168
375,1.94457,2.12986
376,2.47941,2.48478
377,2.54325,2.69996
378,2.49737,2.69996
379,2.54578,2.47397
380,2.45204,2.40161
381,2.38254,2.36494
382,2.36105,1.69897
383,2.31274,2.30403
384,2.36085,2.30767
385,2.26071,2.30981
386,2.26338,2.32603
387,2.26022,2.3333
388,2.25392,2.33404
389,2.25607,2.33062
390,2.25342,2.32543
391,2.26263,2.31472
392,2.26649,2.29712
393,2.26313,2.27006
394,2.24214,2.04211
395,2.10138,2.043
396,2.05639,1.76307
397,2.38881,2.41741
398,2.37192,2.30694
399,2.31087,2.30039
400,2.30921,2.29482
401,2.29723,2.28977
402,2.30523,2.28812
403,2.2926,2.29008
404,2.29995,2.29506
405,2.29022,2.30055
406,2.29301,2.30421
407,2.29084,2.30764
408,2.29032,2.31034
409,2.28638,2.31258
410,2.28506,2.31554
411,2.28198,2.32022
412,2.29314,2.32817
413,2.282,2.33967
414,2.28741,2.35658
415,2.29969,2.36504
416,2.3173,2.37206
417,2.29955,2.37815
418,2.31769,2.38205
419,2.33539,2.38455
420,2.34627,2.38569
421,2.34973,2.38601
422,2.35609,2.38506
423,2.35476,2.37839
424,2.34701,2.35854
425,2.32274,2.33067
426,2.30797,2.31206
427,2.29625,2.34343
428,2.29767,2.34389
429,2.33285,2.34416
430,2.36923,2.35368
431,2.37307,2.33903
432,2.32704,1.96834
433,2.31287,2.25431
434,2.29587,1.8335
435,2.41741,2.62086
436,1.80557,1.70367
437,2.40218,2.629
438,2.41907,2.62567
439,2.35467,2.30962
440,2.33809,2.29784
441,2.3016,2.29198
442,2.28164,2.28929
443,2.26636,2.28562
444,2.2553,2.28146
445,2.2382,2.27499
446,2.23067,2.28176
447,2.23352,2.28384
448,2.22891,2.28342
449,2.22543,2.28047
450,2.22671,2.27275
451,2.2272,2.26628
452,2.22902,2.26084
453,2.22445,2.25535
454,2.22775,2.25079
455,2.22723,2.24642
456,2.22499,2.24072
457,2.22587,2.23616
458,2.22583,2.23469
459,2.2265,2.23199
460,2.22769,2.22572
461,2.23065,2.22061
462,2.23216,2.21373
463,2.23749,2.2199
464,2.23857,2.22719
465,2.2472,2.23796
466,2.25329,2.25096
467,2.25775,2.26444
468,2.26359,2.292
469,2.26983,2.30231
470,2.28176,2.31783
471,2.28626,2.33647
472,2.29053,2.35601
473,2.29539,2.36319
474,2.32132,2.36771
475,2.33122,2.36898
476,2.32858,2.36711
477,2.33861,2.36191
478,2.33647,2.35465
479,2.32271,2.33191
480,2.31655,2.31136
481,2.30768,2.29428
482,2.29803,2.27784
483,2.24817,1.91674
484,2.17942,1.75353
485,2.17117,2.33088
486,2.08739,2.33518
487,1.78646,1.72012
488,1.80001,1.74141
489,1.81484,1.96712
490,1.94674,1.75816
491,2.30041,2.07511
492,2.31223,2.01988
493,2.29878,1.70508
494,2.20186,1.82437
495,2.08669,1.76686
496,2.03802,2.33899
497,2.02808,2.36113
498,2.00997,1.72016
499,2.04983,1.70015
500,1.92415,2.56527
501,2.23394,1.69996
502,1.77485,1.7109
503,1.80524,1.77265
504,1.83171,1.94025
505,1.89275,1.72648
506,1.92844,1.99292
507,2.37387,2.35605
508,2.32144,2.27677
509,2.28457,2.26426
510,2.294,2.24709
511,2.30148,2.2195
512,1.84927,1.70162
513,1.82344,1.75033
514,1.86892,1.71063
515,1.836,1.78246
516,1.85641,1.71409
517,1.84,1.74112
518,1.84518,1.70598
519,1.81939,1.85198
520,1.82184,1.82739
521,1.8052,1.72021
522,1.85426,1.74906
523,2.07548,2.10301
524,2.45372,2.55055
525,2.43951,2.45312
526,2.42245,2.43944
527,2.40413,2.43168
528,2.40394,2.43724
529,2.40676,2.45454
530,2.40208,2.47008
531,2.4149,2.48461
532,2.43179,2.50089
533,2.45954,2.51891
534,2.48198,2.5321
535,2.49398,2.53626
536,2.4868,2.53801
537,2.48074,2.53952
538,2.46007,2.52552
539,2.41962,2.51499
540,2.38389,2.49723
541,2.31387,2.49583
542,2.22415,2.49316
543,1.87279,1.73478
544,1.79991,1.75968
545,1.80138,1.717
546,1.81797,1.79717
547,1.82232,1.77315
548,1.92172,2.08311
549,2.32852,2.47639
550,2.39116,2.22354
551,2.29731,2.22101
552,2.26279,2.20697
553,2.2422,2.18974
554,2.22323,2.17288
555,2.20728,2.16162
556,2.20232,2.15044
557,2.23075,2.13946
558,2.15968,1.82473
559,2.18178,2.11873
560,2.15369,2.12013
561,2.1622,2.12362
562,2.16774,2.12337
563,2.17677,2.12916
564,2.1678,2.14234
565,2.1649,2.1534
566,2.17142,2.16216
567,2.17852,2.17104
568,2.18572,2.18864
569,2.18866,2.20016
570,2.18149,2.20741
571,2.0755,2.1943
572,2.00622,1.91011
573,2.20434,2.21912
574,2.21661,2.20579
575,2.18209,2.18262
576,2.18628,2.23706
577,2.17073,2.21855
578,2.03298,2.23893
579,2.42886,2.66076
580,2.47489,2.37081
581,2.36583,2.32571
582,2.31351,2.31923
583,2.29538,2.31517
584,2.29841,2.30752
585,2.27853,2.29593
586,2.2771,2.28366
587,2.07006,2.26157
588,1.88213,2.30097
589,1.83803,1.78229
590,1.89608,1.79212
591,1.85528,1.70788
592,1.87596,1.77156
593,1.80954,1.74554
594,1.77364,1.70295
595,1.81987,1.90842
596,2.54978,2.53455
597,2.43164,2.42347
598,2.39058,2.40873
599,2.38683,2.39857
600,2.37289,2.39043
601,2.36343,2.37805
602,2.34856,2.3699
603,2.33232,2.36233
604,2.32864,2.35332
605,2.3195,2.34611
606,2.32377,2.34241
607,2.33936,2.34021
608,2.33875,2.33848
609,2.32143,2.33615
610,2.31885,2.32924
611,2.32583,2.3295
612,2.27774,2.28564
613,2.35338,2.29583
614,2.307,2.29348
615,2.28949,2.28849
616,2.28035,2.28171
617,2.25704,2.27626
618,2.24836,2.27635
619,2.25236,2.27861
620,2.2593,2.27474
621,2.26135,2.2601
622,2.25667,2.25029
623,2.25898,2.25916
624,2.28241,2.27879
625,2.31589,2.30272
626,2.32612,2.33259
627,2.33585,2.36312
628,2.34036,2.39169
629,2.354,2.40734
630,2.35299,2.42029
631,2.36179,2.43064
632,2.36579,2.44021
633,2.37961,2.44942
634,2.37257,2.45899
635,2.34459,2.46309
636,2.34816,2.42544
637,2.31876,2.40511
638,2.31679,2.4047
639,2.26337,2.41747
640,2.26757,2.43478
641,2.15686,2.43875
642,2.32841,2.44336
643,2.24125,2.43493
644,2.28597,2.44472
645,2.36502,2.45595
646,2.44766,2.45054
647,2.07591,2.12791
648,2.05677,2.42993
649,1.98313,2.42621
650,2.11074,2.69996
651,1.94384,1.72406
652,2.05651,1.9761
653,1.94416,1.70695
654,1.89742,1.76813
655,2.46831,2.46474
656,2.38365,2.4314
657,2.3626,2.41318
658,2.37097,2.40391
659,2.37732,2.40176
660,2.37028,2.40246
661,2.36341,2.40606
662,2.37013,2.41176
663,2.38031,2.41791
664,2.40226,2.41846
665,2.35969,2.40974
666,2.39694,2.42121
667,2.41158,2.42444
668,2.40932,2.43138
669,2.41334,2.43384
670,2.43341,2.43084
671,2.42892,2.42279
672,2.42527,2.41646
673,2.43102,2.4148
674,2.42785,2.41657
675,2.43287,2.41813
676,2.44705,2.41829
677,2.44189,2.41881
678,2.43599,2.41858
679,2.43935,2.41883
680,2.43219,2.41729
681,2.43777,2.41189
682,2.42184,2.4059
683,2.40898,2.39313
684,2.18078,2.39849
685,1.8509,1.87495
686,1.83745,1.71707
687,1.82509,1.7848
688,1.86565,1.77137
689,2.1565,2.40386
690,2.39885,2.37002
691,2.36586,2.34759
692,2.34471,2.3425
693,2.3326,2.34169
694,2.31247,2.34087
695,2.31344,2.33867
696,2.29295,2.33441
697,2.27993,2.32771
698,2.21539,2.31011
699,2.21145,2.28778
700,2.20095,2.2847
701,2.1952,2.28215
702,2.21204,2.28042
703,2.2173,2.28086
704,2.23346,2.27947
705,2.2458,2.27126
706,2.2779,1.96956
707,2.23784,2.33379
708,2.41557,2.36149
709,2.39164,2.35856
710,2.36236,2.35667
711,2.35352,2.35614
712,2.33998,2.35728
713,2.32999,2.35967
714,2.32397,2.36258
715,2.2781,2.37184
716,2.26371,2.37313
717,2.23793,2.37182
718,2.24176,2.36707
719,2.26709,2.35899
720,2.30219,2.35087
721,2.32526,2.35713
722,2.31212,2.33644
723,2.28241,2.31143
724,2.26494,2.29508
725,2.25467,2.28215
726,2.23866,2.26351
727,2.23288,2.24142
728,2.2281,2.22454
729,2.22831,2.21746
730,2.22283,2.2072
731,2.21334,2.19734
732,2.19616,2.19046
733,2.1662,1.84585
734,2.18282,2.18289
735,2.22737,2.21602
736,2.19098,2.21148
737,2.17439,2.2073
738,2.18155,2.2073
739,2.18813,2.20882
740,2.18643,2.21149
741,2.18831,2.21383
742,2.18437,2.21709
743,2.15872,2.21718
744,2.17308,2.21628
745,2.17755,2.21486
746,2.19568,2.21164
747,2.19881,2.20063
748,2.20278,2.19354
749,2.19158,2.19549
750,2.21205,2.21346
751,2.22296,2.21851
752,2.23033,2.22357
753,2.24397,2.2413
754,2.24362,2.24709
755,2.22953,2.24591
756,2.22503,2.24597
757,2.22181,2.25201
758,2.22272,2.25898
759,2.22364,2.26613
760,2.22382,2.2738
761,2.22871,2.28333
762,2.23483,2.29932
763,2.25008,2.31711
764,2.26826,2.33312
765,2.2948,2.3472
766,2.31419,2.37337
767,2.34545,2.3952
768,2.36946,2.41621
769,2.38834,2.4356
770,2.41321,2.45451
771,2.41745,2.46847
772,2.4221,2.47894
773,2.42056,2.48495
774,2.41871,2.48438
775,2.40759,2.48391
776,2.42858,2.46137
777,2.18016,1.69977
778,1.82345,1.70194
779,1.89002,1.87962
780,1.88462,1.73365
781,1.91288,1.9614
782,1.99512,1.84794
783,2.17727,1.94058
784,2.32316,2.664
785,2.08703,1.95601
786,1.91698,1.99726
787,1.90797,1.766
788,1.90808,1.76608
789,1.9278,1.69984
790,1.85468,1.86923
791,1.97593,1.92636
792,1.91925,2.44048
793,1.94101,2.44028
794,1.88092,1.74331
795,1.88605,1.86251
796,1.96564,2.32144
797,1.93446,1.76935
798,1.98054,1.95058
799,2.00851,2.67345
800,2.07407,2.49315
801,2.0475,1.73851
802,2.05939,1.76742
803,2.03105,2.2681
804,2.03616,2.6675
805,1.96939,1.8749
806,1.93655,1.70037
807,1.93985,1.90284
808,1.90879,1.78441
809,1.90355,1.90558
810,1.99348,1.82515
811,1.92602,1.74932
812,1.94827,1.77111
813,1.91474,2.41745
814,1.92895,2.41193
815,1.9773,2.42289
816,1.98193,2.42425
817,1.95716,2.42621
818,1.90131,1.74055
819,1.89178,1.74247
820,1.89266,1.94471
821,1.96228,1.69897
822,2.08088,2.2991
823,2.44076,2.30104
824,2.26093,2.27488
825,2.25765,2.25658
826,2.25163,2.25243
827,2.23731,2.24658
828,2.23747,2.2466
829,2.23295,2.25386
830,2.22377,2.25432
831,2.21066,2.25351
832,2.20082,2.2496
833,2.18952,2.24161
834,2.18228,2.2311
835,2.18259,2.22259
836,2.183,2.21382
837,2.18488,2.20174
838,2.17589,2.19589
839,2.1674,2.19005
840,2.16907,2.18714
841,2.17323,2.18559
842,2.17846,2.18529
843,2.17989,2.18684
844,2.20842,2.19834
845,2.18427,2.2163
846,2.35961,2.21596
847,2.14314,1.71103
848,1.86984,1.70187
849,1.90683,2.29017
850,1.91327,1.72538
851,1.94413,2.69022
852,1.95746,2.69028
853,1.9244,2.69045
854,1.91549,2.26441
855,1.902,1.75348
856,1.85016,1.75447
857,2.00957,2.07149
858,2.30678,2.24646
859,2.56209,2.56501
860,2.50036,2.56125
861,2.52895,2.56638
862,2.56122,2.57334
863,2.60515,2.56304
864,2.54209,2.55254
865,2.55172,2.55142
866,2.54932,2.5488
867,2.56298,2.54304
868,2.57279,2.53816
869,2.57017,2.53442
870,2.52005,2.52331
871,2.4835,2.50822
872,2.47735,2.48919
873,2.44101,2.46135
874,2.41395,2.42962
875,2.34217,2.39357
876,2.3201,2.35464
877,2.29133,2.32126
878,2.26065,2.28925
879,2.24834,2.25956
880,2.23996,2.24175
881,2.23128,2.22457
882,2.22627,2.21175
883,2.22389,2.20368
884,2.2308,2.19437
885,2.22551,2.19393
886,2.21137,2.1889
887,2.20542,2.17883
888,2.19583,2.17668
889,2.20349,2.2891
890,2.1562,1.75662
891,2.126,1.89068
892,2.16863,1.71106
893,2.12142,1.89383
894,2.12501,1.90094
895,2.3502,1.95377
896,1.84177,1.81335
897,2.3672,2.60792
898,1.84578,1.72076
899,2.04884,2.64271
900,2.14313,2.6365
901,2.24066,2.46033
902,2.19374,1.92555
903,2.27669,2.26234
904,2.17367,2.24305
905,2.20166,2.21965
906,2.21269,2.2018
907,2.21581,2.19507
908,2.21768,2.18425
909,2.20982,2.18008
910,2.20903,2.17881
911,2.21149,2.17857
912,2.1983,2.17855
913,2.18473,2.17784
914,2.16435,2.17574
915,2.15117,2.17474
916,2.15166,2.17828
917,2.15235,2.18499
918,2.15515,2.19167
919,2.16604,2.18332
920,2.1484,2.17554
921,1.9756,1.69989
922,1.87979,1.70381
923,1.93907,1.71711
924,1.90029,1.88101
925,1.99131,1.69897
926,1.85036,2.09518
927,1.8777,1.70131
928,1.84686,1.8839
929,2.29585,1.92547
930,2.47857,2.60265
931,2.36497,2.31219
932,2.33438,2.30674
933,2.32016,2.30603
934,2.3333,2.31128
935,2.33601,2.32029
936,2.3538,2.33495
937,2.36843,2.34997
938,2.36416,2.3637
939,2.36723,2.3882
940,2.37265,2.41253
941,2.37488,2.43074
942,2.39897,2.44318
943,2.38599,2.4472
944,2.43694,2.46222
945,1.99462,1.69897
946,1.87327,1.72831
947,1.89998,1.80558
948,1.93578,1.71213
949,1.91534,1.93191
950,1.93275,1.70087
951,1.95036,1.70199
952,1.96443,1.70285
953,2.02119,1.76599
954,2.02016,1.78722
955,2.26078,2.06496
956,2.18298,2.33459
957,2.12547,1.98367
958,2.14533,2.33484
959,1.95038,1.70291
960,1.94868,2.08847
961,1.92126,1.7881
962,1.95874,2.32286
963,1.91064,1.71613
964,1.8951,1.70265
965,1.92549,1.83578
966,1.92447,1.93849
967,1.95907,1.719
968,1.96841,1.93917
0,1.98515,2.44671
1,2.58898,2.54995
2,1.85404,1.80952
3,2.06267,2.32381
4,1.83334,1.73252
5,2.13823,1.94844
6,2.36514,2.4212
7,2.31951,2.40093
8,2.30162,2.39225
9,2.30535,2.38263
10,2.29108,2.3746
11,2.29757,2.3553
12,2.28149,2.31903
13,2.28773,2.29853
14,2.24152,2.28213
15,2.22798,2.2732
16,2.22855,1.80497
17,2.27474,1.69897
18,1.78174,1.70091
19,1.98176,2.45722
20,2.39743,2.38811
21,2.38222,2.39239
22,2.37827,2.39923
23,2.38515,2.40614
24,2.39525,2.41306
25,2.40128,2.42499
26,2.41152,2.43592
27,2.42087,2.44659
28,2.42169,2.45391
29,2.42975,2.46057
30,2.43694,2.46637
31,2.43679,2.46973
32,2.44399,2.47128
33,2.43895,2.46818
34,2.41002,2.4878
35,1.8211,1.74866
36,1.81387,1.74685
37,1.90141,2.20039
38,1.90029,1.84917
39,2.02565,2.39926
40,2.32118,2.23514
41,2.30583,2.14733
42,2.10458,2.46873
43,2.02634,2.46898
44,2.26648,1.77875
45,2.14558,1.71416
46,1.87032,1.81042
47,1.88308,1.71382
48,1.91508,1.76337
49,2.21681,2.13393
50,2.11233,2.21568
51,1.9755,1.92371
52,1.89243,2.64883
53,1.88316,2.64396
54,1.85125,1.73977
55,1.94664,2.54405
56,1.89865,1.96859
57,1.91903,1.90075
58,1.93179,1.82504
59,2.01004,2.40438
60,1.83037,2.17614
61,2.45331,2.41331
62,2.33324,2.2654
63,2.25838,2.25996
64,2.29814,2.24994
65,2.2992,2.23085
66,2.19,2.21439
67,2.20529,2.17999
68,2.19498,2.19241
69,2.20041,2.26665
70,2.19835,2.25091
71,2.28952,1.95266
72,2.0488,1.72159
73,2.38163,2.3044
74,2.34562,2.29203
75,2.36874,2.3009
76,2.33956,2.31424
77,2.34469,2.6393
78,2.34057,2.34562
79,2.33048,2.35027
80,2.31775,2.3564
81,2.29457,2.36698
82,2.31717,2.37542
83,2.34331,2.38778
84,2.34304,2.40268
85,2.35515,2.41851
86,2.36513,2.43217
87,2.37426,2.44257
88,2.38595,2.454
89,2.33885,2.46095
90,2.32125,2.46166
91,2.26868,2.21633
92,2.15698,2.21309
93,2.11418,2.57561
94,2.0975,2.57126
95,2.08938,2.56164
96,2.07999,2.56672
97,2.07994,1.98869
98,2.06446,2.56474
99,2.08917,2.1065
100,2.09442,2.55674
101,2.06257,2.56019
102,2.07243,2.05571
103,2.09408,1.94616
104,2.09453,2.56725
105,2.17916,1.77909
106,2.20715,2.56062
107,1.90886,1.70415
108,2.46088,2.68481
109,2.35292,2.25379
110,2.28163,2.24731
111,2.27952,2.24354
112,2.27669,2.23621
113,2.26714,2.22877
114,2.26936,2.22546
115,2.25409,2.22824
116,2.25169,2.23589
117,2.24904,2.24965
118,2.25541,2.26989
119,2.25963,2.29306
120,2.26823,2.3183
121,2.28238,2.33919
122,2.27747,2.37369
123,2.2577,2.40614
124,2.25235,2.41393
125,2.25703,2.10187
126,2.19133,1.8331
127,2.11665,2.04099
128,2.11526,1.92635
129,2.10363,1.95016
130,2.16205,1.81122
131,2.19151,1.76097
132,2.23917,1.79732
133,2.227,1.70747
134,2.08496,2.52338
135,2.12385,1.92003
136,2.36534,2.41841
137,1.80341,1.70086
138,1.8017,1.70289
139,1.81521,1.77861
140,1.83609,1.7777
141,1.83704,1.71906
142,1.83731,1.70179
143,1.84798,2.08825
144,1.85555,1.73701
145,1.88822,2.04664
146,1.91871,2.46902
147,2.05048,1.97613
148,2.21856,2.28271
149,1.95202,1.7695
150,1.89923,1.71304
151,1.85444,1.8901
152,1.88912,1.76698
153,1.86879,1.80418
154,1.85653,1.87213
155,1.8479,1.94553
156,1.87669,1.71806
157,1.9854,1.70915
158,1.86823,1.93519
159,1.86418,1.71284
160,1.87686,1.88413
161,1.9249,1.73385
162,1.88455,1.83519
163,1.93086,1.70375
164,1.92735,1.82767
165,1.94453,1.95599
166,1.92052,2.45148
167,1.97902,2.12862
168,1.92999,2.13737
169,1.97818,2.43499
170,1.97811,2.41983
171,1.99073,2.42145
172,1.99266,2.42364
173,1.91348,1.93134
174,1.94143,2.09229
175,1.90346,2.44037
176,1.89975,2.43883
177,1.92435,1.69952
178,2.01654,1.95231
179,2.55286,2.54396
180,2.47047,2.50951
181,2.4409,2.1934
182,2.42567,2.51583
183,2.43858,2.529
184,2.47487,2.52647
185,2.47978,2.52383
186,2.48473,2.51648
187,2.43406,2.53389
188,2.42538,2.53452
189,2.45203,2.56583
190,2.077,2.42363
191,1.78914,1.70086
192,1.87085,1.69983
193,1.91033,1.90098
194,1.97821,1.93669
195,2.31711,1.90117
196,2.24696,1.89578
197,2.30355,2.52304
198,2.51311,2.55396
199,2.50612,2.5342
200,2.51143,2.53609
201,2.52246,2.53871
202,2.53076,2.54421
203,2.55246,2.54639
204,2.52774,2.55195
205,2.50725,2.55921
206,2.50405,2.56603
207,2.5191,2.57097
208,2.51048,2.57524
209,2.49353,2.57213
210,2.49483,2.56065
211,2.49329,2.54046
212,2.46295,2.49694
213,2.477,2.48935
214,2.5036,2.52683
215,2.50492,2.54505
216,2.50015,2.54593
217,2.50619,2.54597
218,2.50182,2.54178
219,2.47751,2.53469
220,2.47249,2.52981
221,2.46095,2.52505
222,2.45157,2.50714
223,2.43072,2.49614
224,2.45506,2.49256
225,2.39784,1.78277
226,2.40224,2.60961
227,2.42311,2.61311
228,2.44984,2.1954
229,2.46238,2.68678
230,2.53009,2.68383
231,2.48385,2.69321
232,2.45687,2.69996
233,2.37331,2.42677
234,2.33967,2.42464
235,2.32436,2.41885
236,2.2827,2.38376
237,2.27072,2.38502
238,2.24431,2.38329
239,2.24254,2.37837
240,2.23899,2.37325
241,2.24407,2.36674
242,2.24231,2.36383
243,2.25531,2.35763
244,2.26657,2.35136
245,2.28436,2.34795
246,2.31308,2.3483
247,2.32065,2.34859
248,2.35702,2.35458
249,2.36357,2.35835
250,2.38056,2.36461
251,2.39816,2.37029
252,2.41935,2.37933
253,2.41889,2.3902
254,2.42574,2.39905
255,2.42786,2.40992
256,2.42614,2.42507
257,2.42025,2.43509
258,2.43054,2.44301
259,2.43146,2.44879
260,2.43253,2.44687
261,2.43953,2.46703
262,2.45261,2.4906
263,2.46286,2.49859
264,2.46787,2.49903
265,2.47113,2.49871
266,2.46656,2.49906
267,2.46267,2.50058
268,2.45556,2.50307
269,2.45913,2.50877
270,2.45658,2.51519
271,2.45541,2.51993
272,2.44841,2.52087
273,2.44795,2.51901
274,2.43388,2.51578
275,2.43335,2.51217
276,2.40872,2.50674
277,2.37413,2.5072
278,2.36411,2.51106
279,2.35922,2.51107
280,2.37571,2.5106
281,2.34576,2.5105
282,2.26254,2.51041
283,2.23178,2.51447
284,2.25085,2.51325
285,2.23123,2.51063
286,2.28214,2.51186
287,2.14051,2.51298
288,2.57964,2.68569
289,1.87877,1.7727
290,2.42874,2.54912
291,1.90254,2.64835
292,1.8363,1.73984
293,1.90774,1.74133
294,2.48258,2.38018
295,2.37849,2.29611
296,2.32014,2.27135
297,2.30144,2.26179
298,2.29276,2.26132
299,2.28213,2.2644
300,2.28663,2.27033
301,2.28006,2.27739
302,2.2841,2.28138
303,2.27272,2.28159
304,2.27731,2.27817
305,2.29555,2.2527
306,2.28476,2.27546
307,2.37664,2.3314
308,2.29291,2.33303
309,2.29358,2.33407
310,2.2871,2.33393
311,2.27604,2.33275
312,2.26294,2.33235
313,2.31645,2.31198
314,1.9826,1.7172
315,1.82266,1.7555
316,1.83902,1.7183
317,1.89979,1.71186
318,1.89226,2.23652
319,1.91835,2.05313
320,1.95855,1.70188
321,1.93764,1.91373
322,1.91128,1.71293
323,2.04633,1.89449
324,2.40437,2.01349
325,2.4054,2.68021
326,2.41773,2.3244
327,2.36137,2.33049
328,2.30054,2.32734
329,2.30374,2.32067
330,2.29399,2.31569
331,2.27354,2.3105
332,2.25853,2.30892
333,2.25932,2.31167
334,2.2578,2.3146
335,2.2519,2.27955
336,2.01318,1.70496
337,1.8329,1.7799
338,1.88442,1.77032
339,1.87693,1.85613
340,1.89744,1.74122
341,1.86895,1.84381
342,2.03673,1.89771
343,2.26457,2.17098
344,2.08961,1.89324
345,2.46913,2.46269
346,2.38566,2.36478
347,2.35782,2.35889
348,2.35616,2.35721
349,2.34725,2.35822
350,2.361,2.36105
351,2.36822,2.36521
352,2.36303,2.36986
353,2.36652,2.37524
354,2.36825,2.38206
355,2.35538,2.39001
356,2.3538,2.39412
357,2.32007,2.3927
358,2.25216,2.38515
359,2.38046,2.38867
360,1.96752,1.71576
361,1.82647,2.5889
362,1.84235,1.89308
363,1.84357,1.78595
364,1.99375,1.84482
365,2.50177,2.50457
366,2.46904,2.44055
367,2.43487,2.43836
368,2.44075,2.43851
369,2.43305,2.4387
370,2.41654,2.43754
371,2.40114,2.42919
372,2.39037,2.40876
373,2.38456,2.388
374,2.36019,2.38707
375,2.3819,2.39154
376,2.3545,2.41406
377,2.39012,2.42671
378,2.37176,2.435
379,2.40163,2.43368
380,1.88128,1.69897
381,2.47561,2.48035
382,2.44889,2.44889
383,2.41281,2.44484
384,2.41436,2.44482
385,2.36488,2.43851
386,2.3424,2.43678
387,2.28503,2.44761
388,2.32394,2.44616
389,2.26596,2.44318
390,2.21805,2.44116
391,2.09457,1.70685
392,1.82521,1.70988
393,1.82276,1.76132
394,1.82162,1.79095
395,1.85097,1.75694
396,1.91194,1.78601
397,1.8953,1.75346
398,1.85918,1.72327
399,1.91379,1.87618
400,1.96406,1.99931
401,2.4775,2.47696
402,2.4014,2.40438
403,2.3811,2.39538
404,2.39116,2.39776
405,2.41056,2.40574
406,2.40656,2.41968
407,2.42303,2.43883
408,2.43431,2.46614
409,2.44182,2.49133
410,2.4514,2.50944
411,2.46726,2.53577
412,2.48567,2.55391
413,2.50451,2.56938
414,2.54137,2.58408
415,2.5203,2.59244
416,2.51464,2.59571
417,2.51363,2.59417
418,2.45818,2.5931
419,2.45788,2.57876
420,2.39933,2.56834
421,2.33191,2.54953
422,2.24476,2.5845
423,2.28943,1.95298
424,2.23719,1.91841
425,2.40825,1.69897
426,1.93816,1.89738
427,2.4014,2.51264
428,1.95215,1.71947
429,1.86949,1.90011
430,2.05552,1.90022
431,2.18062,1.71677
432,2.37989,2.36199
433,2.30886,2.33383
434,2.27941,2.29495
435,2.2572,2.2815
436,2.24625,2.27028
437,2.23939,2.26349
438,2.23686,2.25619
439,2.23999,2.25038
440,2.22708,2.24244
441,2.23227,2.23594
442,2.21699,2.24838
443,2.22122,2.26118
444,2.2229,2.2689
445,2.22045,2.25482
446,2.21592,2.24508
447,2.18487,2.25129
448,2.40209,2.63394
449,1.85337,1.69897
450,1.83993,1.75112
451,2.06062,1.97948
452,2.36731,2.37535
453,2.30254,2.29028
454,2.25205,2.24307
455,2.24698,2.21976
456,2.22832,2.20915
457,2.228,2.20218
458,2.21081,2.17647
459,2.15965,2.17675
460,2.17175,2.1745
461,2.16684,2.17172
462,2.16204,2.19943
463,2.18031,2.18492
464,2.14064,2.21417
465,2.08079,2.21404
466,2.05601,2.20046
467,2.04719,1.89332
468,2.0563,1.89828
469,2.04095,1.82246
470,2.06624,1.82531
471,1.8169,1.69897
472,2.41032,1.96959
473,2.38078,2.32152
474,2.35266,2.33346
475,2.34765,2.34718
476,2.3481,2.36344
477,2.35633,2.37886
478,2.3616,2.38909
479,2.36266,2.3972
480,2.36846,2.40414
481,2.36975,2.40778
482,2.36628,2.40494
483,2.35914,2.39575
484,2.36228,2.38352
485,2.36097,2.37438
486,2.35428,2.36864
487,2.35198,2.36655
488,2.35381,2.36682
489,2.34971,2.36824
490,2.33833,2.36973
491,2.33984,2.3676
492,2.33579,2.36727
493,2.31609,2.36957
494,2.31223,2.37002
495,2.31391,2.37076
496,2.31453,2.37201
497,2.30918,2.37103
498,2.28742,2.37118
499,2.25841,2.37057
500,2.22391,2.36607
501,2.1528,1.8074
502,2.03716,1.70374
503,2.15899,1.93642
504,2.21823,1.80812
505,2.09018,2.37008
506,2.12231,2.5857
507,2.12811,2.58659
508,2.10825,2.36787
509,2.08694,2.36989
510,2.02655,2.16511
511,1.97295,2.22449
512,1.96025,1.72363
513,2.09113,1.94911
514,2.06489,1.95027
515,2.06614,2.025
0,1.8593,1.69897
1,2.25146,2.45112
2,2.35897,2.31913
3,2.3119,2.29198
4,2.28617,2.28664
5,2.27485,2.28047
6,2.25771,2.27547
7,2.24341,2.274
8,2.22992,2.27403
9,2.22382,2.26816
10,2.21248,2.26512
11,2.19626,2.2658
12,2.18494,2.26876
13,2.1802,2.26961
14,2.17718,2.26787
15,2.17773,2.26362
16,2.17828,2.25284
17,2.1861,2.25399
18,2.19702,2.2642
19,2.22452,2.26437
20,2.22931,2.26495
21,2.24173,2.25959
22,2.24942,2.252
23,2.23376,2.24687
24,2.23924,2.24488
25,2.25003,2.24842
26,2.26928,2.28062
27,2.34268,2.36764
28,2.34676,2.38102
29,2.34792,2.39339
30,2.34971,2.40571
31,2.34975,2.4251
32,2.36339,2.44949
33,2.36866,2.46927
34,2.35892,2.49119
35,2.37312,2.51009
36,2.41309,2.52498
37,2.44099,2.53279
38,2.45254,2.53698
39,2.48783,2.54571
40,2.47968,2.54969
41,2.47055,2.54953
42,2.47658,2.5462
43,2.43072,2.53365
44,1.92683,1.7089
45,1.80535,1.70877
46,1.81642,1.69964
47,1.77808,1.77859
48,1.79395,1.71804
49,1.81104,1.71258
50,1.80723,1.91047
51,1.8618,1.90032
52,2.28581,1.98748
53,2.55919,2.55302
54,2.58215,2.53514
55,2.53361,2.52783
56,2.54415,2.52378
57,2.55366,2.51057
58,2.53993,2.50746
59,2.51732,2.50818
60,2.55348,2.51101
61,2.52654,2.52383
62,2.50542,2.52505
63,2.51882,2.5239
64,2.51655,2.52149
65,2.51793,2.51803
66,2.50945,2.51087
67,2.48919,2.49243
68,2.47006,2.47254
69,2.4321,2.45857
70,2.40312,2.45717
71,2.34986,2.49813
72,2.03597,1.8289
73,1.83804,1.74131
74,2.30369,1.94052
75,2.40633,2.51039
76,2.35882,2.42989
77,2.35519,2.42374
78,2.34519,2.41364
79,2.32623,2.40559
80,2.33546,2.40197
81,2.34742,2.40074
82,2.35964,2.4016
83,2.37846,2.40257
84,2.41659,2.42326
85,2.41899,2.43537
86,2.43625,2.45
87,2.45661,2.46656
88,2.47586,2.47838
89,2.48989,2.48723
90,2.49724,2.49293
91,2.50355,2.49283
92,2.50408,2.48907
93,2.50044,2.48225
94,2.49503,2.46409
95,2.49595,2.45468
96,2.47863,2.44106
97,2.46392,2.43879
98,2.46074,2.4334
99,2.45583,2.43392
100,2.44788,2.43582
101,2.44351,2.43398
102,2.4312,2.43023
103,2.42453,2.41438
104,2.41453,2.39314
105,2.40752,2.37716
106,2.36963,2.37036
107,2.34336,2.35956
108,2.3704,2.36703
109,2.38073,2.41011
110,2.375,2.42354
111,2.37822,2.43299
112,2.38147,2.43849
113,2.38199,2.44089
114,2.38827,2.44361
115,2.39085,2.44705
116,2.37926,2.44953
117,2.37014,2.44987
118,2.38034,2.44712
119,2.37859,2.44214
120,2.38188,2.43582
121,2.37977,2.42342
122,2.38517,2.41387
123,2.37444,2.40357
124,2.37406,2.39603
125,2.36275,2.38446
126,2.36109,2.37176
127,2.35912,2.36191
128,2.35477,2.35453
129,2.35605,2.35004
130,2.36602,2.3486
131,2.36302,2.35033
132,2.37507,2.38557
133,2.35332,2.37119
134,2.36252,2.37127
135,2.36014,2.37994
136,2.3671,2.38963
137,2.37312,2.39897
138,2.39057,2.40823
139,2.4134,2.41718
140,2.43708,2.4285
141,2.44046,2.43953
142,2.42732,2.4437
143,2.36705,2.57718
144,2.32531,2.41721
145,2.36943,2.42114
146,2.1657,1.69897
147,2.09225,1.93443
148,2.49235,2.55259
149,2.47847,2.51447
150,2.44192,2.50243
151,2.43456,2.49371
152,2.42771,2.4859
153,2.43076,2.47996
154,2.41081,2.47223
155,2.39662,2.46216
156,2.38691,2.45144
157,2.3762,2.43576
158,2.36856,2.42246
159,2.3627,2.40862
160,2.37702,2.39237
161,2.35016,2.37681
162,2.33583,2.36415
163,2.32745,2.35693
164,2.3157,2.35355
165,2.31936,2.35245
166,2.34216,2.35469
167,2.36241,2.36339
168,2.3363,2.37552
169,2.34538,2.36782
170,2.35274,2.36824
171,2.34604,2.37468
172,2.35773,2.38222
173,2.37642,2.39068
174,2.38702,2.40194
175,2.41535,2.41079
176,2.42334,2.41766
177,2.42658,2.42455
178,2.42517,2.42788
179,2.42424,2.42551
180,2.43443,2.42024
181,2.39235,2.3994
182,2.21281,1.77758
183,2.41578,2.43377
184,2.43531,2.44679
185,2.40679,2.44443
186,2.39158,2.43933
187,2.39425,2.43377
188,2.38586,2.42983
189,2.38413,2.42774
190,2.37331,2.42681
191,2.37211,2.42679
192,2.3702,2.42801
193,2.37416,2.42892
194,2.37748,2.42907
195,2.37466,2.42915
196,2.38694,2.42974
197,2.39346,2.43002
198,2.38042,2.43064
199,2.3645,2.43111
200,2.36349,2.43054
201,2.35582,2.42879
202,2.35279,2.42596
203,2.34649,2.42389
204,2.33093,2.41874
205,2.26118,2.42821
206,2.13801,1.69953
207,1.97656,1.69897
208,1.99882,2.67242
209,1.99809,2.67262
210,1.9733,2.67126
211,2.01515,2.67121
212,2.34546,2.46918
213,2.34025,2.3838
214,2.27618,2.34837
215,2.25386,2.32217
216,2.24026,2.29993
217,2.22253,2.27682
218,2.22046,2.26022
219,2.21124,2.25495
220,2.21678,2.25623
221,2.21046,2.24596
222,2.20366,2.24141
223,2.19522,2.2356
224,2.19417,2.23377
225,2.18521,2.23916
226,2.17203,2.22991
227,2.15325,2.21463
228,2.09305,2.21799
229,2.12138,2.21918
230,2.15833,2.21691
231,2.15966,2.21186
232,2.1866,2.21646
233,2.19488,2.21937
234,2.2132,2.22252
235,2.21691,2.22675
236,2.21937,2.23092
237,2.25594,2.23886
238,2.31012,2.27413
239,2.29202,2.2773
240,2.32667,2.28526
241,2.30656,2.29596
242,2.32441,2.30524
243,2.33218,2.31108
244,2.32746,2.31117
245,2.40993,2.3002
246,2.34321,2.34673
247,2.38809,2.35033
248,2.34303,2.35669
249,2.35495,2.36577
250,2.3414,2.37099
251,2.34644,2.36809
252,2.32785,2.36669
253,2.33752,2.36893
254,2.34579,2.36772
255,2.32494,2.36231
256,2.31303,2.35469
257,2.31386,2.34781
258,2.29104,2.34184
259,2.29765,2.33984
260,2.29388,2.32895
261,2.27988,2.3156
262,2.27654,2.30256
263,2.2648,2.27632
264,2.22854,2.24273
265,2.21921,2.21044
266,2.20922,1.93617
267,2.20651,2.1699
268,2.1596,2.17948
269,2.16079,2.22151
270,2.18074,1.78338
271,2.22973,2.33122
272,1.82835,1.77819
273,2.32218,2.35673
274,2.25206,2.21556
275,2.26511,2.20915
276,2.24636,2.20297
277,2.22349,2.18496
278,2.15516,2.16166
279,2.12149,1.69979
280,1.79084,1.69998
281,1.80091,1.80684
282,1.80791,1.72004
283,1.85535,1.7149
284,2.13065,1.70012
285,1.8013,1.72969
286,1.77914,1.79219
287,2.43829,2.45645
288,2.4389,2.42869
289,2.42224,2.43757
290,2.43526,2.45265
291,2.45274,2.48084
292,2.47047,2.49148
293,2.48601,2.4976
294,2.49442,2.50924
295,2.47191,2.52554
296,2.43802,2.50367
297,1.94318,1.72314
298,1.9396,1.7392
299,1.92751,1.7098
300,1.82298,1.74477
301,1.82928,1.71233
302,2.04476,1.90421
303,2.44439,2.49837
304,2.06736,2.48562
305,2.05235,2.20985
306,2.10388,2.48902
307,2.0142,2.49897
308,2.22763,2.49801
309,2.52718,2.60288
310,1.83074,1.70891
311,1.8367,1.93221
312,2.04214,1.93353
313,2.25892,1.90139
314,2.3486,2.33574
315,2.28306,2.30937
316,2.25506,2.3032
317,2.23845,2.27103
318,2.21171,2.24006
319,2.22259,2.22099
320,2.21225,2.21406
321,2.21274,2.21178
322,2.21896,2.2093
323,2.20896,2.20577
324,2.16922,2.19806
325,2.14373,2.18793
326,2.15013,2.19307
327,2.14822,2.18829
328,2.14804,2.18378
329,2.16875,2.20078
330,2.15683,1.81422
331,2.23566,2.65358
332,2.31804,2.68045
333,1.87402,1.70794
334,1.89652,2.48593
335,1.85554,1.71306
336,1.89349,1.98745
337,1.91279,1.70196
338,1.89846,1.73476
339,1.91819,1.71612
340,1.91536,1.70785
341,1.91226,1.70919
342,1.90059,2.19706
343,1.88677,1.82114
344,2.04938,2.24309
345,2.39472,2.68036
346,2.45239,2.46033
347,2.29821,2.34121
348,2.22525,2.30942
349,2.22368,2.28148
350,2.22888,2.25098
351,2.22832,2.24512
352,2.22432,2.24549
353,2.23422,2.24949
354,2.24169,2.25291
355,2.23108,2.25429
356,2.22276,2.25732
357,2.2217,2.28511
358,2.22467,2.28599
359,2.23638,2.2718
360,2.25778,2.25816
361,2.23612,2.24623
362,2.21473,2.24627
363,2.02107,1.70074
364,1.79787,1.70068
365,1.80122,1.73092
366,1.81386,1.8497
367,1.85006,1.7204
368,1.91154,1.81987
369,1.92397,1.86248
370,1.98486,1.95288
371,2.49297,2.64188
372,2.42553,2.38024
373,2.39654,2.38159
374,2.4026,2.39082
375,2.38749,2.40558
376,2.3945,2.41841
377,2.3999,2.43404
378,2.41732,2.4465
379,2.42014,2.45757
380,2.42757,2.47315
381,2.43276,2.49054
382,2.43858,2.50258
383,2.44803,2.51597
384,2.46765,2.52776
385,2.48069,2.538
386,2.50225,2.55279
387,2.50084,2.56494
388,2.51276,2.5767
389,2.51585,2.58678
390,2.5272,2.59191
391,2.50314,2.58726
392,2.48595,2.57795
393,2.46311,2.54753
394,2.47297,2.55603
395,2.44933,2.5752
396,2.35032,1.98877
397,2.38944,2.53174
398,2.35341,2.53768
399,2.32005,2.56724
400,2.02636,1.9369
401,1.97623,1.91757
402,1.98232,2.5314
403,1.98798,2.53081
404,1.94903,1.76342
405,1.97184,2.07694
406,1.96077,1.81307
407,2.02022,2.06836
408,2.02978,1.80019
409,1.94375,1.80171
410,2.03307,2.30562
411,2.00606,1.83836
412,2.00932,1.83791
413,2.0298,2.53138
414,2.01648,1.83143
415,1.96381,1.81281
416,1.95849,1.95091
417,1.99276,1.81662
418,1.9465,1.70004
419,1.97383,2.12016
420,1.97349,1.93841
421,1.96209,2.41964
422,1.97175,2.44128
423,1.99542,1.96644
424,1.96343,1.96557
425,1.97804,1.811
426,1.97738,2.42238
427,2.28245,2.36436
428,2.31961,2.33849
429,2.28181,2.29261
430,2.27998,2.27721
431,2.29487,2.32524
432,2.27423,2.27108
433,2.25693,2.27256
434,2.254,2.27546
435,2.24086,2.27537
436,2.22725,2.27375
437,2.22631,2.26927
438,2.2242,2.26338
439,2.21806,2.25995
440,2.21789,2.25963
441,2.2068,2.26528
442,2.19481,2.27647
443,2.16416,2.2673
444,2.17412,2.22519
445,2.16655,2.23275
446,2.1703,2.23975
447,2.17873,2.24127
448,2.18436,2.26804
449,2.19834,2.26219
450,2.02018,1.73748
451,2.52424,2.4902
452,1.80097,1.69897
453,1.82849,1.79698
454,2.35214,2.17797
455,2.42796,2.4136
456,2.38251,2.42412
457,2.38237,2.43114
458,2.39104,2.44716
459,2.39988,2.47133
460,2.39717,2.49442
461,2.40927,2.51064
462,2.44763,2.52523
463,2.47233,2.54008
464,2.48542,2.55031
465,2.4987,2.55484
466,2.49565,2.5572
467,2.42122,1.71749
468,1.91281,1.70091
469,1.83803,1.69897
470,1.83309,1.70596
471,1.8608,1.71089
472,1.86739,1.69897
473,1.95978,1.81968
474,2.27349,2.02534
475,2.25143,2.51721
476,2.15734,2.50454
477,2.25447,1.78535
478,2.18278,1.73954
479,2.381,1.78976
480,1.81779,1.69897
481,2.14566,1.74361
482,2.42159,2.6616
483,2.33598,2.26802
484,2.30546,2.25155
485,2.28487,2.23608
486,2.27937,2.23577
487,2.26378,2.23189
488,2.2686,2.22568
489,2.253,2.21776
490,2.23385,2.21194
491,2.22769,2.20627
492,2.23379,2.2055
493,2.23537,2.20777
494,2.2498,2.20932
495,2.23387,2.21081
496,2.18928,2.18674
497,2.16985,2.20253
498,2.1674,1.83884
499,2.17101,2.21132
500,2.17003,2.21048
501,2.45918,2.63264
502,2.39441,2.33611
503,2.34114,2.60482
504,2.27011,2.56989
505,2.27469,2.24482
506,2.26427,2.2323
507,2.26194,2.23205
508,2.26381,2.23852
509,2.26791,2.24992
510,2.26541,2.25173
511,2.27163,2.24148
512,2.20415,2.24345
513,2.19527,2.24668
514,2.20038,2.24323
515,2.21176,2.24308
516,2.24481,2.54226
517,2.27451,2.54919
518,1.9695,1.92873
519,2.04824,1.80866
520,2.07236,1.84677
521,2.06696,2.03407
522,2.44135,2.43722
523,2.41894,2.42925
524,2.41066,2.42441
525,2.4131,2.41703
526,2.36836,2.38079
527,2.35837,2.40902
528,2.33176,2.39696
529,2.31706,2.37845
530,2.3076,2.36683
531,2.28992,2.33445
532,1.84163,1.70082
533,1.89087,1.69897
534,1.88221,1.69986
535,1.85637,1.69897
536,1.88355,1.96338
537,1.88138,1.71802
538,1.84905,1.70098
539,1.9874,1.94552
540,2.11332,1.73266
541,1.97699,1.76824
542,2.25799,1.93869
543,2.5399,2.54726
544,2.52598,2.54329
545,2.53337,2.55135
546,2.56177,2.56385
547,2.56949,2.57783
548,2.58458,2.58626
549,2.59536,2.58993
550,2.58283,2.59073
551,2.59784,2.58771
552,2.58883,2.57181
553,2.58371,2.58891
554,2.58364,2.55266
555,2.49888,2.50692
556,2.45739,2.44683
557,2.37024,2.69996
558,2.32622,2.69996
559,2.28189,2.28163
560,2.25854,2.25735
561,2.2544,2.23122
562,2.21497,2.20916
563,2.21321,2.18052
564,2.19417,2.63121
565,2.14678,1.8309
566,2.21627,2.5639
567,2.22961,1.96658
568,2.11162,2.26025
569,2.13672,1.72455
570,2.29768,2.69996
571,2.04467,1.77136
572,2.20672,2.22176
573,2.18842,2.21542
574,2.20472,2.15863
575,2.19399,2.05305
576,2.10314,1.81194
577,2.0998,1.83379
578,2.11651,1.8495
579,2.09869,1.75268
580,1.96403,1.7192
581,1.97152,1.70729
582,1.9278,1.76016
583,1.96112,1.70518
584,1.95739,2.47572
585,1.92487,1.94386
586,1.91559,1.73441
587,1.89796,2.44549
588,1.98672,2.44481
589,1.99247,1.81727
590,2.0429,2.1295
591,1.99284,1.72213
592,1.95646,1.69999
593,1.97268,2.69996
594,2.02472,1.96799
595,1.99967,1.95376
596,1.96988,2.12378
597,1.97064,1.70313
598,1.92721,1.85843
599,1.94803,1.72933
600,1.95067,1.70279
601,1.95993,2.45118
602,1.94838,2.107
603,1.91825,1.95145
604,1.97768,2.12684
605,1.93739,1.81704
606,2.3316,2.32664
607,2.18472,1.7692
608,2.133,2.59263
609,2.08651,1.85044
610,2.16226,1.71258
611,2.23566,2.2092
612,2.24713,2.21775
613,2.24174,2.22376
614,2.2503,2.23912
615,2.24884,2.24837
616,2.24644,2.25755
617,2.22628,2.26274
618,2.22219,2.26437
619,2.20727,2.27615
620,2.16683,2.29375
621,1.98698,2.268
622,1.84726,1.94696
623,2.00806,2.28633
624,2.18195,2.26772
625,2.19202,2.26787
626,2.23249,2.25635
627,2.28779,2.25853
628,2.29622,2.27549
629,2.38669,2.3307
630,2.41709,2.39078
631,2.42535,2.40392
632,2.43446,2.41907
633,2.43928,2.43628
634,2.4401,2.44947
635,2.44644,2.46253
636,2.45089,2.47454
637,2.4608,2.49138
638,2.45594,2.50976
639,2.46814,2.52941
640,2.47269,2.54008
641,2.47517,2.54839
642,2.46722,2.55256
643,2.46757,2.55498
644,2.46436,2.55423
645,2.45973,2.55001
646,2.45929,2.54142
647,2.44283,2.52695
648,2.4033,2.51925
649,2.41108,2.50455
650,2.43515,2.4886
651,2.43081,2.47448
652,2.4188,2.43639
653,2.37097,2.40028
654,2.3175,2.37086
655,2.29713,2.02884
656,2.29327,2.34194
657,2.30104,2.34447
658,2.33677,2.35085
659,2.33519,2.35096
660,2.33791,2.33273
661,2.32021,2.32338
662,2.29636,2.31891
663,2.28819,2.31888
664,2.28216,2.32186
665,2.2671,2.3321
666,2.26816,2.34489
667,2.27712,2.35522
668,2.27181,2.36578
669,2.27786,2.37345
670,2.27701,2.39141
671,2.29188,2.40867
672,2.31932,2.41626
673,2.32975,2.42292
674,2.2565,2.4792
675,2.21053,2.31449
676,2.13688,2.30669
677,1.85396,1.79313
678,1.80521,1.72983
679,1.84558,1.79307
680,1.82364,1.75132
681,1.82161,1.73699
682,1.89382,2.02903
683,2.01121,2.041
684,2.34482,2.35393
685,2.26526,2.32115
686,2.21171,2.30081
687,2.21418,2.2514
688,2.21457,2.21935
689,2.17451,2.1958
690,2.19818,2.19667
691,2.19449,2.19035
692,2.21102,2.19943
693,2.20135,2.19217
694,2.19496,2.18349
695,2.19733,2.17701
696,2.19216,2.16923
697,2.1807,2.15663
698,2.17197,2.13169
699,2.14661,2.11376
700,2.1393,1.83379
701,2.11864,1.79332
702,2.11796,1.85331
703,2.08784,1.83509
704,2.13947,2.20628
705,2.054,2.17326
706,2.42302,2.62584
707,2.30301,2.61976
708,2.21548,2.18254
709,2.2125,2.1618
710,2.19974,2.13796
711,2.20262,2.11758
712,2.19583,2.09948
713,2.2111,2.56193
714,2.41459,2.56358
715,2.40501,2.591
716,2.39485,1.83696
717,2.31006,2.15734
718,2.26897,2.48189
719,2.13836,2.08451
720,2.05822,2.25833
721,2.19288,2.54195
722,2.10855,2.53254
723,2.22366,1.75509
724,2.22157,2.2185
725,2.22645,2.22098
726,2.22476,2.22297
727,2.23166,2.23234
728,2.23321,2.24663
729,2.23651,2.26382
730,2.25081,2.28219
731,2.28032,2.30195
732,2.28308,2.32465
733,2.25573,2.35041
734,2.25122,2.35532
735,2.30277,2.35062
736,2.30052,2.11177
737,2.00974,1.71805
738,2.02273,1.86543
739,2.44584,2.43084
740,2.40483,2.41631
741,2.38221,2.40102
742,2.40586,2.38649
743,2.39184,2.37089
744,2.34067,2.34848
745,2.3319,2.29435
746,1.81192,1.81575
747,1.79284,1.71003
748,1.94839,1.95066
749,2.21016,2.47409
750,2.27831,2.10837
751,2.16875,1.72115
752,2.09785,1.90121
753,2.14457,1.90267
754,2.11645,1.74557
755,2.05098,2.35883
756,2.02509,2.39347
757,2.54015,2.61982
758,1.81386,1.87505
759,1.86524,1.72659
760,1.78543,1.70188
761,1.83389,1.74775
762,1.95843,1.72136
763,2.37465,2.31034
764,2.26385,2.29818
765,2.21576,2.28194
766,2.22668,2.2572
767,2.22265,2.24603
768,2.22107,2.24836
769,2.21842,2.25794
770,2.22561,2.27105
771,2.22997,2.27963
772,2.23978,2.29076
773,2.2311,2.30719
774,2.24276,2.31059
775,2.25206,2.30741
776,2.23887,2.30019
777,2.23671,2.2874
778,2.21711,2.27183
779,2.19213,1.84304
780,2.17421,1.71854
781,2.42433,1.69897
782,1.79164,1.69897
783,1.89279,2.00276
784,1.98195,2.0669
785,2.14185,2.00128
786,2.41502,2.35987
787,2.29464,2.23984
788,2.24943,2.21728
789,2.22965,1.86301
790,2.19535,2.12511
791,2.15941,2.0989
792,2.14317,1.90874
793,2.16383,1.90201
794,2.02018,1.75812
795,2.11718,1.91238
796,2.14202,2.31147
797,2.10027,2.29489
798,2.07373,1.76567
799,2.11932,1.8828
800,2.14307,2.18164
801,2.1788,2.14992
802,2.16817,2.14255
803,2.15197,2.14231
804,2.19692,2.15021
805,2.23049,2.15697
806,2.17096,2.26636
807,2.08548,2.37782
808,2.03636,1.96387
809,1.98703,1.84163
810,1.95798,1.8386
811,1.95322,1.84575
812,1.93714,1.79165
0,2.00302,1.73579
1,2.47533,2.47052
2,2.41833,2.46256
3,2.42975,2.46396
4,2.44281,2.4701
5,2.46405,2.49321
6,2.48436,2.50639
7,2.52324,2.52233
8,2.55021,2.53658
9,2.5561,2.54768
10,2.54949,2.55245
11,2.53728,2.55155
12,2.52451,2.54387
13,2.51288,2.52501
14,2.47828,2.51125
15,2.46079,2.44863
16,2.36661,1.70195
17,2.25814,1.70242
18,2.19047,2.3261
19,2.14776,2.2805
20,2.1696,2.24422
21,2.1077,1.72415
22,2.06353,2.17485
23,2.05914,2.1587
24,2.08064,2.14004
25,2.11599,2.12502
26,2.08087,2.10708
27,2.12705,2.10805
28,2.15657,2.10529
29,2.14291,2.10964
30,2.13696,2.11003
31,2.13745,1.87452
32,2.14973,1.88717
33,2.1428,1.94297
34,2.32321,1.95534
35,1.80695,1.69897
36,2.10616,1.90106
37,2.44574,2.54917
38,2.0124,1.7443
39,2.13009,1.90868
40,2.06755,1.96352
41,2.06212,1.74514
42,2.0856,2.12916
43,2.076,1.949
44,2.13258,1.7329
45,2.10837,2.46903
46,2.13539,2.46957
47,2.14635,1.82393
48,2.0823,1.78244
49,2.08318,1.80656
50,1.89623,2.49782
51,1.91213,1.85163
52,1.93816,1.7284
53,2.03819,2.50433
54,1.98727,1.95247
55,2.03406,2.44499
56,1.95331,2.44631
57,1.92637,2.12331
58,1.93195,2.12223
59,2.08258,1.70541
60,2.59273,2.48652
61,2.5696,2.47395
62,2.52036,2.48605
63,2.48431,2.49902
64,2.46592,2.51267
65,2.48655,2.51761
66,2.51725,2.52029
67,2.46039,2.51121
68,2.49682,2.54157
69,2.51077,2.55673
70,2.50697,2.56221
71,2.52364,2.56721
72,2.52082,2.5699
73,2.53058,2.56953
74,2.5467,2.56585
75,2.54193,2.55963
76,2.53869,2.5495
77,2.51782,2.53821
78,2.49089,2.52829
79,2.21477,1.76349
80,1.87195,1.7082
81,1.90912,1.72012
82,1.85876,1.72638
83,1.85171,1.70795
84,2.09398,2.07629
85,2.41939,2.63573
86,2.13521,2.05392
87,2.27118,2.55269
88,2.41473,2.40888
89,2.37421,2.3707
90,2.32043,2.34182
91,2.29045,2.30171
92,2.3055,2.28181
93,2.33822,2.28169
94,2.32249,2.28505
95,2.33115,2.28681
96,2.32421,2.28858
97,2.33913,2.29401
98,2.32318,2.30345
99,2.31777,2.31201
100,2.32392,2.32004
101,2.32312,2.33052
102,2.32131,2.33951
103,2.33353,2.34793
104,2.34473,2.36048
105,2.32417,2.38658
106,2.32769,2.40545
107,2.33348,2.40693
108,2.33228,2.4
109,2.27552,2.38411
110,2.15747,1.80106
111,2.20321,2.11093
112,2.20688,2.10867
113,2.23589,1.78909
114,2.2241,2.69996
115,2.14119,2.69996
116,2.3351,2.04602
117,2.3309,2.03725
118,2.32707,1.92227
119,2.28498,2.41217
120,2.39311,2.40639
121,2.45043,2.46055
122,2.42677,2.43241
123,2.41672,2.40367
124,2.43157,2.39626
125,2.40738,2.40127
126,2.38767,2.40653
127,2.37569,2.41551
128,2.38793,2.42416
129,2.39364,2.43116
130,2.41058,2.43647
131,2.42371,2.44184
132,2.42239,2.44512
133,2.42163,2.44352
134,2.39931,2.4397
135,2.40891,2.44081
136,2.39684,2.43906
137,2.37457,2.4393
138,2.28078,2.4328
139,2.14672,1.70773
140,1.79467,1.70349
141,1.81137,1.74986
142,1.79301,1.82769
143,1.79892,1.81861
144,1.81622,1.93172
145,1.90609,1.96677
146,1.86214,1.73556
147,1.83982,1.8843
148,2.32666,2.36207
149,2.28411,2.28934
150,2.1089,2.24652
151,2.02835,2.21618
152,2.01285,2.1703
153,2.09449,2.14862
154,2.10196,2.12373
155,2.06803,2.13504
156,2.1399,2.14937
157,2.13715,2.14395
158,2.12327,2.11558
159,2.15873,2.08386
160,2.14018,2.08076
161,2.16173,1.7715
162,2.12256,1.75124
163,2.12581,1.72669
164,2.1686,2.18978
165,2.09226,1.87628
166,2.09135,2.68329
167,2.13687,1.91759
168,2.14256,1.72883
169,2.12195,2.18262
170,2.11914,2.18455
171,2.17382,2.17338
172,2.1622,2.15952
173,2.16695,2.17342
174,2.18741,2.17209
175,2.16017,2.17199
176,2.20371,2.1705
177,2.19174,2.16398
178,2.16561,2.15859
179,2.14722,2.16487
180,2.13598,1.92716
181,2.1136,2.10368
182,2.10004,2.19256
183,2.16138,1.83318
184,2.13307,2.69996
185,2.09538,1.85731
186,2.10072,2.69394
187,2.18295,2.69467
188,2.14115,2.69996
189,2.1131,2.29879
190,2.28474,2.27919
191,2.31723,2.27177
192,2.30576,2.26577
193,2.28642,2.26532
194,2.27278,2.26794
195,2.27282,2.27523
196,2.2682,2.2832
197,2.27234,2.28858
198,2.27383,2.28885
199,2.27304,2.28523
200,2.28329,2.28147
201,2.28309,2.27908
202,2.29442,2.27868
203,2.29625,2.2798
204,2.29506,2.28471
205,2.26287,2.29649
206,2.25856,2.30382
207,2.24554,2.30045
208,2.42234,2.6899
209,1.89415,1.69897
210,1.9087,1.95426
211,1.91736,1.71927
212,1.98225,1.78111
213,1.95052,1.73702
214,1.9619,1.78732
215,2.03004,1.70292
216,2.00245,1.83416
217,2.04717,2.22596
218,2.3243,2.64409
219,2.33065,2.28668
220,2.23401,2.19381
221,2.21873,2.18413
222,2.2095,2.163
223,2.19319,2.16062
224,2.17662,2.1646
225,2.17871,2.16963
226,2.19078,2.17862
227,2.20606,2.18287
228,2.20115,2.19359
229,2.21207,2.19843
230,2.21408,2.21433
231,2.22227,2.24057
232,2.2194,2.26923
233,2.22922,2.29599
234,2.24128,2.32003
235,2.24787,2.34216
236,2.2631,2.36486
237,2.26033,2.37803
238,2.25635,2.39528
239,2.26064,2.40554
240,2.26052,2.41843
241,2.24535,2.42997
242,2.23449,2.43614
243,2.18847,2.42364
244,2.12214,2.39541
245,2.09515,2.42851
246,2.06251,2.41457
247,2.46681,2.69996
248,2.47217,2.69996
249,2.28396,1.8445
250,2.10572,1.90941
251,1.85301,1.91034
252,1.88616,1.87697
253,1.90263,1.74031
254,1.9025,2.52318
255,1.88383,1.80328
256,1.89004,1.93953
257,1.95388,1.71088
258,1.89836,1.80336
259,1.93461,1.71134
260,1.95506,1.71155
261,1.97006,2.13215
262,1.94604,1.90863
263,1.88713,1.82868
264,1.87669,1.78081
265,1.84819,1.69897
266,1.91056,2.21919
267,1.8665,1.70554
268,1.85513,1.96063
269,1.88516,1.72336
270,1.94519,2.01783
271,1.97164,1.82054
272,1.97134,1.71598
273,1.98524,1.81256
274,1.9797,2.1238
275,1.93562,1.70881
276,1.95122,1.95912
277,1.95423,2.11316
278,1.94737,2.4226
279,1.9676,2.13587
280,2.04804,2.40699
281,2.42055,2.57678
282,2.52429,2.69996
283,2.4085,2.40612
284,2.40772,2.41025
285,2.37369,2.41571
286,2.3793,2.41885
287,2.37662,2.42102
288,2.3897,2.42238
289,2.37978,2.42271
290,2.3765,2.4218
291,2.39205,2.41936
292,2.37657,2.41671
293,2.36768,2.41326
294,2.36473,2.4085
295,2.38472,2.40278
296,2.38655,2.39863
297,2.38681,2.3968
298,2.41837,2.39332
299,2.37011,2.41508
300,2.30465,2.41327
301,2.32502,2.41235
302,2.39101,2.41182
303,1.87584,1.70875
304,2.05959,2.19764
305,2.24033,2.41538
306,2.2511,2.41769
307,2.25766,2.4179
308,2.16052,2.41463
309,2.11892,2.41293
310,2.13035,2.4129
311,2.13591,2.41373
312,2.13296,2.41726
313,2.10934,2.41645
314,2.27791,2.41271
315,2.35806,2.69996
316,2.21578,1.75895
317,2.16142,1.80561
318,2.2222,1.82114
319,2.02979,1.71664
320,2.27364,2.37019
321,2.32977,2.36228
322,2.3538,2.3581
323,2.37954,2.36054
324,2.40916,2.37149
325,2.36181,2.38385
326,2.28667,2.33071
327,1.91987,1.71601
328,1.9198,2.00908
329,2.02192,1.77173
330,2.35156,2.40844
331,2.37415,2.38993
332,2.33237,2.38074
333,2.33896,2.35785
334,2.32851,2.34755
335,2.32097,2.34208
336,2.29917,2.33738
337,2.29211,2.34445
338,2.27285,2.34258
339,2.27714,2.33892
340,2.28349,2.33724
341,2.3156,2.34095
342,2.27758,2.3312
343,2.27331,2.32795
344,2.27765,2.32369
345,2.27518,2.3178
346,2.27386,2.30152
347,2.24888,2.29497
348,2.25163,2.27655
349,2.23872,2.26959
350,2.25385,2.25907
351,2.26622,2.2478
352,2.27063,2.25528
353,2.26858,2.27486
354,2.22351,2.26768
355,2.15643,2.24
356,1.8783,1.94033
357,1.86961,1.93694
358,1.87182,1.73936
359,1.87981,1.70287
360,1.91074,1.77407
361,2.12183,2.28648
362,2.35993,2.29387
363,2.31813,2.29592
364,2.31997,2.29943
365,2.32485,2.29952
366,2.32052,2.29492
367,2.31717,2.29175
368,2.32148,2.29338
369,2.32493,2.29833
370,2.32268,2.30801
371,2.32643,2.32155
372,2.31479,2.33594
373,2.32805,2.35246
374,2.34808,2.36874
375,2.35508,2.3946
376,2.35881,2.41512
377,2.36937,2.44849
378,2.38385,2.48123
379,2.43348,2.50806
380,2.4507,2.52343
381,2.47734,2.52899
382,2.49862,2.51925
383,2.477,2.52548
384,2.46655,2.49378
385,2.30551,1.81281
386,2.27554,2.0273
387,2.23858,2.51349
388,2.22781,1.74708
389,2.07473,2.50743
390,2.17129,2.03
391,2.08975,1.74664
392,2.40381,2.34473
393,2.2872,2.24511
394,2.2403,2.23558
395,2.24316,2.21958
396,2.23831,2.20623
397,2.24062,2.20027
398,2.23561,2.19256
399,2.23415,2.18933
400,2.22511,2.18985
401,2.22508,2.19327
402,2.22854,2.19544
403,2.23972,2.19352
404,2.24111,2.19423
405,2.2688,1.94556
406,2.27818,2.6448
407,2.30672,2.67541
408,2.32129,2.67774
409,2.22222,2.69996
410,2.34739,2.69996
411,2.34765,2.47791
412,2.01414,2.53368
413,2.14564,1.73691
414,2.23828,2.54057
415,2.28536,1.99492
416,2.29211,1.99784
417,2.30941,2.31625
418,2.30374,2.32806
419,2.29762,2.34886
420,2.2812,2.36396
421,2.23323,2.32038
422,2.10831,2.32266
423,1.98894,2.31007
424,1.92133,1.71913
425,1.90478,1.72132
426,1.95185,1.74256
427,2.05624,1.70379
428,2.13576,1.89782
429,2.11044,2.51169
430,2.12818,1.71605
431,2.07184,1.70901
432,2.15845,2.32985
433,2.11268,2.31807
434,1.9318,1.74576
435,1.83075,2.53682
436,1.79102,1.703
437,2.49763,2.42188
438,2.4371,2.41249
439,2.40076,2.41331
440,2.40846,2.41799
441,2.41611,2.42835
442,2.42011,2.44406
443,2.41044,2.45967
444,2.41937,2.48266
445,2.44388,2.50006
446,2.47033,2.51394
447,2.47895,2.52444
448,2.48725,2.5343
449,2.49686,2.54273
450,2.49633,2.55032
451,2.52099,2.55604
452,2.52715,2.56083
453,2.52301,2.56355
454,2.52739,2.56516
455,2.51134,2.56729
456,2.52844,2.56616
457,2.51475,2.56272
458,2.5228,2.5583
459,2.53909,2.54924
460,2.51395,2.5446
461,2.54538,2.53527
462,2.51696,2.52955
463,2.49749,2.52906
464,2.47858,2.55914
465,2.47235,2.56003
466,2.3731,2.55666
467,2.5553,2.58855
468,1.80821,1.7076
469,1.81301,1.949
470,2.07849,1.98736
471,2.05746,2.23168
472,1.88084,1.71427
473,2.07182,1.76062
474,2.36861,2.42869
475,2.34071,2.42295
476,2.23564,2.3977
477,2.17269,2.37742
478,2.2306,2.35738
479,2.24087,2.34723
480,2.2462,2.33678
481,2.23841,2.32571
482,2.22731,2.31451
483,2.22001,2.30485
484,2.19401,2.30933
485,2.18738,2.501
486,2.19621,2.32091
487,2.19549,2.31521
488,2.16765,2.33764
489,2.18645,2.3471
490,2.28657,2.54396
491,1.89096,1.71471
492,2.13299,2.53183
493,1.85468,1.74016
494,2.27505,2.5203
495,2.27936,2.35821
496,2.2963,2.34916
497,2.27896,2.34016
498,2.27849,2.33076
499,2.28558,2.32423
500,2.28506,2.32291
501,2.28613,2.3245
502,2.30352,2.32758
503,2.29386,2.33177
504,2.29854,2.33956
505,2.30522,2.35042
506,2.30604,2.36601
507,2.33574,2.38225
508,2.35149,2.39281
509,2.34767,2.40343
510,2.37761,2.41424
511,2.30993,2.35905
512,2.28512,2.3615
513,2.28166,2.38608
514,2.28978,1.86532
515,2.30143,1.89714
516,2.36474,2.4659
517,2.37936,2.35374
518,2.33452,2.33451
519,2.31794,2.31425
520,2.29829,2.28825
521,2.28344,2.26164
522,2.27389,2.24499
523,2.25057,2.2247
524,2.23163,2.21086
525,2.21875,2.19442
526,2.18403,2.18202
527,2.10355,2.21943
528,1.8314,1.72037
529,1.94058,1.70106
530,1.81319,1.77988
531,1.78489,1.73172
532,1.78817,1.69952
533,1.77261,1.78083
534,1.78666,1.70785
535,1.77441,1.70227
536,1.82748,1.82756
537,2.41051,2.31898
538,2.30657,2.23277
539,2.23123,2.21856
540,2.21035,2.18228
541,2.18331,2.16551
542,2.17474,2.15743
543,2.17358,2.15596
544,2.17404,2.15732
545,2.19127,2.15802
546,2.20936,2.16197
547,2.21689,2.16988
548,2.22542,2.1853
549,2.23195,2.21094
550,2.23746,2.22533
551,2.252,2.24791
552,2.25786,2.26945
553,2.26702,2.30283
554,2.27598,2.31429
555,2.27908,2.33124
556,2.28647,2.34025
557,2.27852,2.33449
558,2.24729,2.3311
559,2.21035,1.7674
560,2.20001,2.2419
561,2.17058,2.30208
562,2.12659,2.3669
563,2.0924,1.73272
564,2.13138,2.37138
565,2.06777,2.38052
566,2.06583,1.73393
567,2.04702,1.91422
568,2.03118,1.9573
569,2.46227,1.89981
0,1.80184,1.69897
1,2.50174,2.42371
2,2.37594,2.34571
3,2.34216,2.34274
4,2.34106,2.34352
5,2.35193,2.34675
6,2.35895,2.35197
7,2.3704,2.35331
8,2.43163,2.35811
9,2.41568,2.3597
10,2.47311,2.61404
11,2.50984,2.62448
12,2.53208,2.647
13,2.46819,2.68715
14,2.42958,2.14711
15,2.42887,2.15568
16,2.44327,2.45214
17,2.39823,2.44443
18,2.3721,1.75253
19,2.35786,1.76801
20,2.36983,2.36081
21,2.35838,2.36048
22,2.352,2.36237
23,2.3503,2.36607
24,2.3499,2.36901
25,2.34126,2.37453
26,2.34098,2.38375
27,2.33835,2.396
28,2.3502,2.4064
29,2.35376,2.41785
30,2.37112,2.42783
31,2.37929,2.43511
32,2.3973,2.44225
33,2.41211,2.45067
34,2.41923,2.46136
35,2.42071,2.48323
36,2.45239,2.49662
37,2.45471,2.51009
38,2.48278,2.51998
39,2.51634,2.52621
40,2.51773,2.54269
41,2.50747,2.55101
42,2.54974,2.55308
43,2.52504,2.5521
44,2.50792,2.5485
45,2.50388,2.54011
46,2.50786,2.52984
47,2.49799,2.51737
48,2.50056,2.50722
49,2.50351,2.50022
50,2.50332,2.49821
51,2.50028,2.4994
52,2.5042,2.50184
53,2.50392,2.50339
54,2.50921,2.50414
55,2.50531,2.50492
56,2.49078,2.5045
57,2.48587,2.49807
58,2.46824,2.48742
59,2.43783,2.48038
60,2.10183,2.57873
61,1.82091,1.74246
62,1.87187,1.79074
63,1.8692,1.70592
64,1.89905,1.80301
65,1.88412,2.69996
66,2.03375,2.69996
67,2.46709,2.50478
68,2.23814,2.17343
69,1.987,2.45762
70,1.99178,2.45731
71,1.85751,1.72232
72,2.28831,1.7028
73,2.34533,2.3573
74,2.30304,2.33205
75,2.28207,2.30651
76,2.27115,2.2852
77,2.26144,2.27547
78,2.26494,2.27421
79,2.24058,2.26433
80,2.39704,2.26638
81,2.35519,2.30362
82,2.31037,2.30889
83,2.325,2.31753
84,2.31228,2.32086
85,2.31744,2.32024
86,2.31869,2.31582
87,2.32269,2.30929
88,2.31515,2.30519
89,2.31935,2.30294
90,2.32081,2.30436
91,2.32826,2.31152
92,2.32424,2.32379
93,2.3372,2.34248
94,2.33854,2.36106
95,2.33145,2.38902
96,2.34714,2.42725
97,2.37348,2.45617
98,2.39955,2.46847
99,2.31036,2.48283
100,2.24505,2.59348
101,2.27254,2.16759
102,2.26256,2.11283
103,2.26689,1.85919
104,2.25384,1.89037
105,2.23605,2.00808
106,2.08535,2.50233
107,2.13638,1.77124
108,2.0087,1.70146
109,2.14107,2.46998
110,2.11749,2.47549
111,2.06068,1.7937
112,2.08281,1.85618
113,2.05966,1.76141
114,2.11279,2.31677
115,2.05934,1.71788
116,2.0759,2.48632
117,2.06129,1.72252
118,2.01026,1.77451
119,2.02121,1.77736
120,2.00009,2.11656
121,1.98177,1.75365
122,1.99078,2.09181
123,1.95976,1.94081
124,1.98169,1.77793
125,1.99123,1.74298
126,2.60652,2.61746
127,1.90502,1.8096
128,2.43605,2.27012
129,1.83598,1.70422
130,2.01153,1.95529
131,2.49524,2.46862
132,2.38787,2.39281
133,2.3468,2.39164
134,2.35352,2.40656
135,2.34903,2.43073
136,2.34718,2.43724
137,2.35418,2.43654
138,2.33312,2.43887
139,2.31926,2.42717
140,2.31912,2.39954
141,2.32221,2.3733
142,2.32203,2.37285
143,2.32742,2.37079
144,2.31105,2.3646
145,2.29695,2.35331
146,2.24303,2.28661
147,2.22556,2.41002
148,1.97414,2.66233
149,1.88983,1.84396
150,2.3643,2.43429
151,2.38022,2.40271
152,2.36014,2.39863
153,2.36261,2.40013
154,2.36091,2.40274
155,2.36597,2.40943
156,2.37086,2.41816
157,2.36586,2.4263
158,2.35655,2.43043
159,2.34424,2.41992
160,2.26258,2.40278
161,2.25994,2.40849
162,2.25149,2.40607
163,2.37035,2.43768
164,2.37704,2.44778
165,2.37287,2.43712
166,2.38104,2.42113
167,2.41675,2.42608
168,2.42687,2.43856
169,2.44841,2.44358
170,2.45372,2.44552
171,2.45666,2.44947
172,2.46257,2.45384
173,2.48611,2.457
174,2.47295,2.45578
175,2.45934,2.45152
176,2.40822,2.44416
177,2.3947,2.45118
178,2.39156,2.45242
179,2.36939,2.45423
180,2.3533,2.4608
181,2.22834,2.47915
182,2.32666,1.98018
183,2.30035,2.4542
184,2.31864,2.44775
185,2.23122,2.45013
186,2.42594,2.4951
187,2.36129,2.43426
188,2.33221,2.41509
189,2.32483,2.38987
190,2.31206,2.37273
191,2.32173,2.3631
192,2.34173,2.36738
193,2.34873,2.37264
194,2.34873,2.3776
195,2.34949,2.3892
196,2.35098,2.4036
197,2.36032,2.41894
198,2.38814,2.43533
199,2.40373,2.44926
200,2.41281,2.46249
201,2.43225,2.47031
202,2.43972,2.47029
203,2.44167,2.46653
204,2.4309,2.46461
205,2.41835,2.47809
206,2.42205,2.49578
207,2.4127,2.50401
208,2.40902,2.49893
209,2.40789,2.49319
210,2.39473,2.48532
211,2.37322,2.47319
212,2.35566,2.46057
213,2.34411,2.4419
214,2.32345,2.3814
215,2.29619,2.35898
216,2.27083,2.34036
217,2.26387,2.00313
218,2.26064,1.99144
219,2.35763,2.69996
220,2.29009,2.31057
221,2.2814,2.31153
222,2.27303,2.31317
223,2.26582,2.30983
224,2.26048,2.30863
225,2.26392,2.3087
226,2.26509,2.3088
227,2.26809,2.30673
228,2.27631,2.30305
229,2.28497,2.29998
230,2.28751,2.2955
231,2.27092,2.28934
232,2.33941,2.2878
233,2.16933,2.30693
234,2.147,2.30737
235,2.147,2.30794
236,2.19256,2.30461
237,2.45276,2.69996
238,1.79482,1.69897
239,1.92783,1.79953
240,2.27905,2.49866
241,2.1662,2.52954
242,2.12649,2.69996
243,2.12385,1.91988
244,2.29718,1.93903
245,2.43539,2.47996
246,2.41375,2.47473
247,2.41489,2.47563
248,2.4216,2.4806
249,2.43191,2.48378
250,2.42216,2.48511
251,2.40939,2.48111
252,2.40162,2.47095
253,2.3937,2.45865
254,2.38153,2.4328
255,2.33718,2.40427
256,2.31384,2.36216
257,2.30912,2.33397
258,2.29794,2.28631
259,2.29348,2.25974
260,2.29551,2.25877
261,2.28517,2.26654
262,2.27115,2.27368
263,2.2691,2.28621
264,2.28459,2.29845
265,2.27637,2.3111
266,2.28843,2.33546
267,2.23053,2.00535
268,2.1785,1.8833
269,2.17854,2.1158
270,2.19207,1.71567
271,2.11507,2.30373
272,2.06633,1.70866
273,2.07742,1.7547
274,2.14996,2.46375
275,2.52792,2.49135
276,1.83976,1.70386
277,1.83443,1.70097
278,1.84781,1.80065
279,1.89354,1.70083
280,1.90212,1.71383
281,1.90605,1.71727
282,1.89573,1.7337
283,1.90437,1.72138
284,1.91519,1.70183
285,2.09894,2.33479
286,2.29346,2.63587
287,2.09334,2.63608
288,1.91175,1.72124
289,1.90664,1.72739
290,1.87423,1.83019
291,1.88017,1.85196
292,1.86049,1.72872
293,1.87479,1.98377
294,1.91898,1.70994
295,1.8805,1.77309
296,1.85941,1.72115
297,1.88502,1.74231
298,1.87354,1.83655
299,1.87887,1.95564
300,1.89111,1.70994
301,1.9067,1.71121
302,1.90485,1.9586
303,1.93322,1.94978
304,1.89767,2.43632
305,1.94817,2.11802
306,1.92483,1.79025
307,1.93882,1.71153
308,1.9635,1.97322
309,1.95712,1.72337
310,1.9859,2.11442
311,1.95748,2.11101
312,1.92935,2.11007
313,1.92228,2.12633
314,1.96875,2.13389
315,1.96409,2.12942
316,1.93643,2.12355
317,1.97158,1.82424
318,1.93681,1.71184
319,1.93876,2.15206
320,1.8689,1.87623
321,1.9207,1.95145
322,2.11355,1.72448
323,2.38407,2.37293
324,2.43288,2.32872
325,2.36478,2.32592
326,2.33115,2.32825
327,2.32068,2.32733
328,2.3009,2.32341
329,2.29521,2.32299
330,2.28654,2.32191
331,2.27628,2.31947
332,2.26279,2.3166
333,2.26463,2.31161
334,2.25901,2.30454
335,2.27456,2.29029
336,2.30385,2.26536
337,2.25117,2.24542
338,2.22255,1.91556
339,2.22558,1.91378
340,2.21101,2.2037
341,2.21415,1.93962
342,2.43692,2.34242
343,1.9207,1.71722
344,2.44862,2.36414
345,2.38823,2.33698
346,2.38884,2.33496
347,2.36204,2.34211
348,2.34793,2.35557
349,2.34903,2.37209
350,2.34333,2.39204
351,2.35353,2.41252
352,2.35816,2.43163
353,2.3593,2.46659
354,2.38039,2.49782
355,2.37337,2.51358
356,2.48513,2.52799
357,2.26299,2.52919
358,2.20304,2.5044
359,2.19256,1.79049
360,2.15094,1.77135
361,2.19827,2.11869
362,2.24243,2.28475
363,2.46172,2.54887
364,2.42363,2.51022
365,2.35501,2.49256
366,2.33173,2.45378
367,2.31295,2.4209
368,2.31105,2.39163
369,2.30103,2.36425
370,2.29338,2.34227
371,2.28805,2.32727
372,2.27544,2.30876
373,2.2699,2.28691
374,2.26175,2.25947
375,2.24855,2.23003
376,2.21957,2.20881
377,2.21091,1.88566
378,2.25643,2.26854
379,2.27026,2.24658
380,2.25663,2.24034
381,2.24848,2.23052
382,2.23672,2.21723
383,2.22313,2.20215
384,2.21911,2.19078
385,2.21526,2.18229
386,2.21088,2.17669
387,2.20752,2.17411
388,2.21224,2.17392
389,2.21899,2.1751
390,2.21965,2.17593
391,2.22194,2.17558
392,2.2279,2.17795
393,2.22899,2.18016
394,2.23304,2.18998
395,2.24027,2.20005
396,2.24182,2.2268
397,2.24806,2.24111
398,2.2571,2.25484
399,2.27017,2.26662
400,2.27454,2.27886
401,2.28389,2.29246
402,2.29118,2.30221
403,2.28909,2.30483
404,2.27976,2.29729
405,2.27627,2.01463
406,2.24602,2.28664
407,2.22312,2.025
408,2.19168,2.26195
409,1.90575,1.71806
410,2.21147,2.30692
411,1.98871,1.93722
412,2.1551,2.43404
413,2.24313,2.37893
414,2.23055,2.37464
415,2.2385,2.24634
416,2.17006,2.13023
417,2.13377,2.29789
418,2.14178,2.30021
419,2.11851,1.94362
420,2.14225,1.89912
421,2.12743,2.11915
422,2.12055,2.28108
423,2.05621,1.73428
424,2.0511,1.75921
425,1.99711,1.74906
426,2.02607,1.91514
427,2.09302,1.70353
428,2.27282,2.58554
429,2.46178,2.34608
430,2.35417,2.31897
431,2.36005,2.31112
432,2.34481,2.30919
433,2.32039,2.31019
434,2.33207,2.3063
435,2.31125,2.2985
436,2.2983,2.29394
437,2.29755,2.28869
438,2.28302,2.28459
439,2.2729,2.28396
440,2.26523,2.28584
441,2.2708,2.28724
442,2.26987,2.28766
443,2.2729,2.28356
444,2.26193,2.27408
445,2.27577,2.26422
446,2.31076,1.8718
447,2.22393,2.45913
448,2.27691,2.26829
449,2.44133,2.26645
450,2.26362,1.81198
451,2.15811,2.02744
452,2.16072,2.26961
453,2.07578,2.27786
454,2.07937,2.27496
455,2.19479,2.4646
456,2.22583,2.28369
457,2.24764,2.28052
458,2.26331,2.28302
459,2.24777,2.28709
460,2.18324,2.28308
461,1.98245,2.4454
462,1.84573,2.66236
463,1.82091,1.75912
464,1.81103,1.73061
465,1.80406,1.73593
466,1.81266,1.72839
467,1.82595,1.71306
468,1.8101,1.8915
469,1.82425,1.73694
470,2.0765,1.90574
471,2.49787,2.53823
472,2.42788,2.42764
473,2.40334,2.41151
474,2.39875,2.40822
475,2.40029,2.40656
476,2.40937,2.41057
477,2.41542,2.41662
478,2.41526,2.42483
479,2.4076,2.43398
480,2.41225,2.44002
481,2.42402,2.44237
482,2.4256,2.44195
483,2.41596,2.43893
484,2.38775,2.4302
485,2.22465,2.42231
486,2.17384,2.42038
487,2.20794,2.44011
488,2.09116,2.43716
489,2.42825,2.44558
490,2.41935,2.40847
491,2.37612,2.40251
492,2.37964,2.37158
493,2.36358,2.36004
494,2.35287,2.33995
495,2.34055,2.32188
496,2.3438,2.3052
497,2.32795,2.27448
498,2.27819,2.23973
499,2.2741,2.24619
500,2.27112,2.40455
501,2.25116,1.92458
502,2.20344,1.95228
503,2.59632,2.69417
504,1.85522,1.70297
505,1.81416,2.02077
506,1.83132,1.78116
507,1.86175,1.95935
508,1.93973,1.83268
509,2.08905,1.88052
510,2.38219,2.36418
511,2.31774,2.34611
512,2.30041,2.33872
513,2.29407,2.33208
514,2.29319,2.32852
515,2.29373,2.32516
516,2.29399,2.32214
517,2.29726,2.31708
518,2.2984,2.31175
519,2.28753,2.30789
520,2.27757,2.30155
521,2.2762,2.29463
522,2.27092,2.29126
523,2.26637,2.28629
524,2.25293,2.27768
525,2.25137,2.2733
526,2.2436,2.27088
527,2.24419,2.26609
528,2.2436,2.26429
529,2.24233,2.25845
530,2.2427,2.25497
531,2.24988,2.25594
532,2.25141,2.25609
533,2.26401,2.25762
534,2.25018,2.25915
535,2.25625,2.27152
536,2.24998,2.27111
537,2.25278,2.27063
538,2.25552,2.27758
539,2.25342,2.2845
540,2.27012,2.29537
541,2.28068,2.31173
542,2.29652,2.32461
543,2.30891,2.33626
544,2.31094,2.34898
545,2.3346,2.3632
546,2.34348,2.381
547,2.35248,2.39716
548,2.36482,2.4132
549,2.3774,2.43018
550,2.38564,2.44584
551,2.39858,2.4608
552,2.41991,2.46861
553,2.41562,2.47339
554,2.44614,2.47103
555,2.42154,2.46514
556,2.39556,2.45581
557,2.38324,2.42494
558,2.33345,2.4053
559,2.3408,2.38149
560,2.30972,2.35274
561,2.28228,2.33964
562,2.26422,2.33267
563,2.24494,2.32293
564,2.23459,2.29582
565,2.23504,2.2629
566,2.21512,2.22998
567,2.20038,2.21198
568,2.19698,1.89558
569,2.18944,2.1872
570,2.18628,2.19057
571,2.19747,2.1888
572,2.47642,2.67325
573,2.29442,2.27491
574,2.2614,2.27108
575,2.26077,2.26714
576,2.26225,2.268
577,2.26596,2.27358
578,2.2685,2.28396
579,2.27838,2.29908
580,2.30872,2.31758
581,2.30957,2.3411
582,2.32578,2.36915
583,2.34648,2.39287
584,2.34973,2.4148
585,2.37145,2.43813
586,2.36481,2.46379
587,2.37667,2.4807
588,2.40437,2.49973
589,2.40535,2.51284
590,2.42983,2.52064
591,2.44147,2.52442
592,2.4411,2.52345
593,2.45927,2.51902
594,2.46171,2.50826
595,2.37666,2.4504
596,2.34597,2.39872
597,2.29455,2.36125
598,2.29239,2.31046
599,2.32827,1.98571
600,2.34347,2.25521
601,2.24772,2.25093
602,2.22981,2.23155
603,2.2102,2.19039
604,2.18623,2.17066
605,2.1515,2.15564
606,2.13071,2.14292
607,2.13223,2.13405
608,2.08309,2.12679
609,2.08697,2.11962
610,2.10348,2.11249
611,2.10816,2.11234
612,2.09851,2.11387
613,2.12931,2.11201
614,2.12844,2.11584
615,2.12984,1.89463
616,2.07547,1.88586
617,2.09171,1.89447
618,2.15733,1.83756
619,2.07488,2.43974
620,2.07171,1.71853
621,2.03884,1.7682
622,2.0876,1.8145
623,2.09929,2.10789
624,2.09311,2.12616
625,2.16859,2.12971
626,2.08548,1.75722
627,2.12387,1.74522
628,2.0678,2.04539
629,2.00931,1.89928
630,1.92176,1.83001
631,1.97111,2.11239
632,1.93097,2.12654
633,2.14296,2.42528
634,2.38737,2.42413
635,2.31612,1.81297
636,2.25302,1.82879
637,2.41053,1.84011
638,2.25712,2.63493
639,2.23272,1.93026
640,2.27742,2.40481
641,2.30316,2.40051
642,2.37034,2.41378
643,2.36942,2.41848
644,2.37308,2.41694
645,2.37332,2.41707
646,2.35781,2.41796
647,2.35796,2.41001
648,2.33363,2.41299
649,2.34702,2.41249
650,2.35968,2.39496
651,2.36418,2.40321
652,2.37145,2.40833
653,2.36936,2.40599
654,2.37271,2.40026
655,2.36069,2.39335
656,2.36712,2.38247
657,2.35578,2.33812
658,2.25736,2.30702
659,2.20535,2.29463
660,2.19165,2.28233
661,2.19397,2.27296
662,2.18853,2.27309
663,2.38579,2.49407
664,2.30664,2.36836
665,2.29265,2.36401
666,2.31351,2.3574
667,2.30753,2.34785
668,2.3203,2.34395
669,2.32721,2.3408
670,2.32699,2.33777
671,2.32934,2.33523
672,2.32369,2.33544
673,2.30962,2.33642
674,2.30127,2.33728
675,2.27469,2.33474
676,2.19387,2.32842
677,2.04281,1.86651
678,2.0448,1.89447
679,2.16699,2.46978
680,2.30234,2.46034
681,2.14874,1.98625
682,2.19621,2.34002
683,2.15892,2.34237
684,2.13483,2.34192
685,2.17322,2.33387
686,2.16476,2.50989
687,2.08951,2.3367
688,2.1321,2.34204
689,2.0442,2.34137
690,1.97599,2.33917
691,1.87829,1.86063
692,1.83726,1.80927
693,1.83804,1.72542
694,1.83256,1.82104
695,1.80885,1.72956
696,1.97414,1.9799
697,2.168,2.52894
698,2.46258,2.45167
699,2.38676,2.38342
700,2.37131,2.37005
701,2.36419,2.36465
702,2.34789,2.36359
703,2.34767,2.36359
704,2.34971,2.36919
705,2.34104,2.37061
706,2.33233,2.37023
707,2.32399,2.37381
708,2.35106,2.3731
709,2.33815,2.36438
710,2.39421,2.33522
711,2.32464,2.37798
712,2.25615,2.37722
713,2.26174,2.37595
714,2.29735,2.37302
715,2.30601,2.36959
716,2.3094,2.37326
717,2.30057,2.37254
718,2.30692,2.37243
719,2.56843,2.65901
720,2.03274,1.70207
721,1.82105,1.70687
722,1.81186,1.70486
723,1.93135,1.71309
724,1.88275,1.76271
725,2.01667,1.90113
726,2.32695,2.45563
727,2.39615,2.41715
728,2.36534,2.38634
729,2.34463,2.36767
730,2.34066,2.35941
731,2.32651,2.34977
732,2.32722,2.34555
733,2.31578,2.34341
734,2.31902,2.34169
735,2.30986,2.33961
736,2.29905,2.33856
737,2.30238,2.33689
738,2.3128,2.3348
739,2.31178,2.33031
740,2.31316,2.32888
741,2.29324,2.32381
742,2.28579,2.31476
743,2.27773,2.30278
744,2.27834,2.29088
745,2.24227,2.25791
746,2.07221,1.72639
747,2.0054,1.89956
748,1.88917,1.71075
749,1.77467,1.74348
750,1.78525,1.7349
751,1.78408,1.715
752,1.76786,1.71507
753,2.14934,2.3782
754,2.41349,2.37641
755,2.35247,2.3693
756,2.3491,2.35837
757,2.32811,2.35077
758,2.32461,2.34611
759,2.3044,2.34121
760,2.28977,2.31796
761,2.30177,2.29451
762,2.2007,2.31046
763,1.87907,1.75136
764,1.8208,1.74027
765,1.79752,1.70119
766,1.79415,1.70489
767,1.84753,1.77398
768,2.36397,2.20331
769,2.25558,1.88241
770,2.14365,2.3477
771,2.48742,1.75751
772,2.04943,1